Gamma,p1,theta,size,chi_at_p1,returned_to_1
Z2,4,0,1,5.0,False
Z2,4,pi,1,5.0,False
Z3,6,0,1,7.0,False
Z3,6,2pi/3,1,1.0,True
Z3,6,4pi/3,1,1.0,True
Z4,8,0,1,9.0,False
Z4,8,2pi/4,1,1.0,True
Z4,8,pi,1,9.0,False
Z4,8,6pi/4,1,1.0,True
Z5,10,0,1,11.0,False
Z5,10,2pi/5,1,1.0,True
Z5,10,4pi/5,1,1.0,True
Z5,10,6pi/5,1,1.0,True
Z5,10,8pi/5,1,1.0,True
Z6,12,0,1,13.0,False
Z6,12,2pi/6,1,1.0,True
Z6,12,4pi/6,1,1.0,True
Z6,12,pi,1,13.0,False
Z6,12,8pi/6,1,1.0,True
Z6,12,10pi/6,1,1.0,True
Z7,14,0,1,15.0,False
Z7,14,2pi/7,1,1.0,True
Z7,14,4pi/7,1,1.0,True
Z7,14,6pi/7,1,1.0,True
Z7,14,8pi/7,1,1.0,True
Z7,14,10pi/7,1,1.0,True
Z7,14,12pi/7,1,1.0,True
Z8,16,0,1,17.0,False
Z8,16,2pi/8,1,1.0,True
Z8,16,4pi/8,1,1.0,True
Z8,16,6pi/8,1,1.0,True
Z8,16,pi,1,17.0,False
Z8,16,10pi/8,1,1.0,True
Z8,16,12pi/8,1,1.0,True
Z8,16,14pi/8,1,1.0,True
Z9,18,0,1,19.0,False
Z9,18,2pi/9,1,1.0,True
Z9,18,4pi/9,1,1.0,True
Z9,18,6pi/9,1,1.0,True
Z9,18,8pi/9,1,1.0,True
Z9,18,10pi/9,1,1.0,True
Z9,18,12pi/9,1,1.0,True
Z9,18,14pi/9,1,1.0,True
Z9,18,16pi/9,1,1.0,True
Z10,20,0,1,21.0,False
Z10,20,2pi/10,1,1.0,True
Z10,20,4pi/10,1,1.0,True
Z10,20,6pi/10,1,1.0,True
Z10,20,8pi/10,1,1.0,True
Z10,20,pi,1,21.0,False
Z10,20,12pi/10,1,1.0,True
Z10,20,14pi/10,1,1.0,True
Z10,20,16pi/10,1,1.0,True
Z10,20,18pi/10,1,1.0,True
Z11,22,0,1,23.0,False
Z11,22,2pi/11,1,1.0,True
Z11,22,4pi/11,1,1.0,True
Z11,22,6pi/11,1,1.0,True
Z11,22,8pi/11,1,1.0,True
Z11,22,10pi/11,1,1.0,True
Z11,22,12pi/11,1,1.0,True
Z11,22,14pi/11,1,1.0,True
Z11,22,16pi/11,1,1.0,True
Z11,22,18pi/11,1,1.0,True
Z11,22,20pi/11,1,1.0,True
Z12,24,0,1,25.0,False
Z12,24,2pi/12,1,1.0,True
Z12,24,4pi/12,1,1.0,True
Z12,24,6pi/12,1,1.0,True
Z12,24,8pi/12,1,1.0,True
Z12,24,10pi/12,1,1.0,True
Z12,24,pi,1,25.0,False
Z12,24,14pi/12,1,1.0,True
Z12,24,16pi/12,1,1.0,True
Z12,24,18pi/12,1,1.0,True
Z12,24,20pi/12,1,1.0,True
Z12,24,22pi/12,1,1.0,True
Z13,26,0,1,27.0,False
Z13,26,2pi/13,1,1.0,True
Z13,26,4pi/13,1,1.0,True
Z13,26,6pi/13,1,1.0,True
Z13,26,8pi/13,1,1.0,True
Z13,26,10pi/13,1,1.0,True
Z13,26,12pi/13,1,1.0,True
Z13,26,14pi/13,1,1.0,True
Z13,26,16pi/13,1,1.0,True
Z13,26,18pi/13,1,1.0,True
Z13,26,20pi/13,1,1.0,True
Z13,26,22pi/13,1,1.0,True
Z13,26,24pi/13,1,1.0,True
Z14,28,0,1,29.0,False
Z14,28,2pi/14,1,1.0,True
Z14,28,4pi/14,1,1.0,True
Z14,28,6pi/14,1,1.0,True
Z14,28,8pi/14,1,1.0,True
Z14,28,10pi/14,1,1.0,True
Z14,28,12pi/14,1,1.0,True
Z14,28,pi,1,29.0,False
Z14,28,16pi/14,1,1.0,True
Z14,28,18pi/14,1,1.0,True
Z14,28,20pi/14,1,1.0,True
Z14,28,22pi/14,1,1.0,True
Z14,28,24pi/14,1,1.0,True
Z14,28,26pi/14,1,1.0,True
Z15,30,0,1,31.0,False
Z15,30,2pi/15,1,1.0,True
Z15,30,4pi/15,1,1.0,True
Z15,30,6pi/15,1,1.0,True
Z15,30,8pi/15,1,1.0,True
Z15,30,10pi/15,1,1.0,True
Z15,30,12pi/15,1,1.0,True
Z15,30,14pi/15,1,1.0,True
Z15,30,16pi/15,1,1.0,True
Z15,30,18pi/15,1,1.0,True
Z15,30,20pi/15,1,1.0,True
Z15,30,22pi/15,1,1.0,True
Z15,30,24pi/15,1,1.0,True
Z15,30,26pi/15,1,1.0,True
Z15,30,28pi/15,1,1.0,True
Z16,32,0,1,33.0,False
Z16,32,2pi/16,1,1.0,True
Z16,32,4pi/16,1,1.0,True
Z16,32,6pi/16,1,1.0,True
Z16,32,8pi/16,1,1.0,True
Z16,32,10pi/16,1,1.0,True
Z16,32,12pi/16,1,1.0,True
Z16,32,14pi/16,1,1.0,True
Z16,32,pi,1,33.0,False
Z16,32,18pi/16,1,1.0,True
Z16,32,20pi/16,1,1.0,True
Z16,32,22pi/16,1,1.0,True
Z16,32,24pi/16,1,1.0,True
Z16,32,26pi/16,1,1.0,True
Z16,32,28pi/16,1,1.0,True
Z16,32,30pi/16,1,1.0,True
Z17,34,0,1,35.0,False
Z17,34,2pi/17,1,1.0,True
Z17,34,4pi/17,1,1.0,True
Z17,34,6pi/17,1,1.0,True
Z17,34,8pi/17,1,1.0,True
Z17,34,10pi/17,1,1.0,True
Z17,34,12pi/17,1,1.0,True
Z17,34,14pi/17,1,1.0,True
Z17,34,16pi/17,1,1.0,True
Z17,34,18pi/17,1,1.0,True
Z17,34,20pi/17,1,1.0,True
Z17,34,22pi/17,1,1.0,True
Z17,34,24pi/17,1,1.0,True
Z17,34,26pi/17,1,1.0,True
Z17,34,28pi/17,1,1.0,True
Z17,34,30pi/17,1,1.0,True
Z17,34,32pi/17,1,1.0,True
Z18,36,0,1,37.0,False
Z18,36,2pi/18,1,1.0,True
Z18,36,4pi/18,1,1.0,True
Z18,36,6pi/18,1,1.0,True
Z18,36,8pi/18,1,1.0,True
Z18,36,10pi/18,1,1.0,True
Z18,36,12pi/18,1,1.0,True
Z18,36,14pi/18,1,1.0,True
Z18,36,16pi/18,1,1.0,True
Z18,36,pi,1,37.0,False
Z18,36,20pi/18,1,1.0,True
Z18,36,22pi/18,1,1.0,True
Z18,36,24pi/18,1,1.0,True
Z18,36,26pi/18,1,1.0,True
Z18,36,28pi/18,1,1.0,True
Z18,36,30pi/18,1,1.0,True
Z18,36,32pi/18,1,1.0,True
Z18,36,34pi/18,1,1.0,True
Z19,38,0,1,39.0,False
Z19,38,2pi/19,1,1.0,True
Z19,38,4pi/19,1,1.0,True
Z19,38,6pi/19,1,1.0,True
Z19,38,8pi/19,1,1.0,True
Z19,38,10pi/19,1,1.0,True
Z19,38,12pi/19,1,1.0,True
Z19,38,14pi/19,1,1.0,True
Z19,38,16pi/19,1,1.0,True
Z19,38,18pi/19,1,1.0,True
Z19,38,20pi/19,1,1.0,True
Z19,38,22pi/19,1,1.0,True
Z19,38,24pi/19,1,1.0,True
Z19,38,26pi/19,1,1.0,True
Z19,38,28pi/19,1,1.0,True
Z19,38,30pi/19,1,1.0,True
Z19,38,32pi/19,1,1.0,True
Z19,38,34pi/19,1,1.0,True
Z19,38,36pi/19,1,1.0,True
Z20,40,0,1,41.0,False
Z20,40,2pi/20,1,1.0,True
Z20,40,4pi/20,1,1.0,True
Z20,40,6pi/20,1,1.0,True
Z20,40,8pi/20,1,1.0,True
Z20,40,10pi/20,1,1.0,True
Z20,40,12pi/20,1,1.0,True
Z20,40,14pi/20,1,1.0,True
Z20,40,16pi/20,1,1.0,True
Z20,40,18pi/20,1,1.0,True
Z20,40,pi,1,41.0,False
Z20,40,22pi/20,1,1.0,True
Z20,40,24pi/20,1,1.0,True
Z20,40,26pi/20,1,1.0,True
Z20,40,28pi/20,1,1.0,True
Z20,40,30pi/20,1,1.0,True
Z20,40,32pi/20,1,1.0,True
Z20,40,34pi/20,1,1.0,True
Z20,40,36pi/20,1,1.0,True
Z20,40,38pi/20,1,1.0,True
Z21,42,0,1,43.0,False
Z21,42,2pi/21,1,1.0,True
Z21,42,4pi/21,1,1.0,True
Z21,42,6pi/21,1,1.0,True
Z21,42,8pi/21,1,1.0,True
Z21,42,10pi/21,1,1.0,True
Z21,42,12pi/21,1,1.0,True
Z21,42,14pi/21,1,1.0,True
Z21,42,16pi/21,1,1.0,True
Z21,42,18pi/21,1,1.0,True
Z21,42,20pi/21,1,1.0,True
Z21,42,22pi/21,1,1.0,True
Z21,42,24pi/21,1,1.0,True
Z21,42,26pi/21,1,1.0,True
Z21,42,28pi/21,1,1.0,True
Z21,42,30pi/21,1,1.0,True
Z21,42,32pi/21,1,1.0,True
Z21,42,34pi/21,1,1.0,True
Z21,42,36pi/21,1,1.0,True
Z21,42,38pi/21,1,1.0,True
Z21,42,40pi/21,1,1.0,True
Z22,44,0,1,45.0,False
Z22,44,2pi/22,1,1.0,True
Z22,44,4pi/22,1,1.0,True
Z22,44,6pi/22,1,1.0,True
Z22,44,8pi/22,1,1.0,True
Z22,44,10pi/22,1,1.0,True
Z22,44,12pi/22,1,1.0,True
Z22,44,14pi/22,1,1.0,True
Z22,44,16pi/22,1,1.0,True
Z22,44,18pi/22,1,1.0,True
Z22,44,20pi/22,1,1.0,True
Z22,44,pi,1,45.0,False
Z22,44,24pi/22,1,1.0,True
Z22,44,26pi/22,1,1.0,True
Z22,44,28pi/22,1,1.0,True
Z22,44,30pi/22,1,1.0,True
Z22,44,32pi/22,1,1.0,True
Z22,44,34pi/22,1,1.0,True
Z22,44,36pi/22,1,1.0,True
Z22,44,38pi/22,1,1.0,True
Z22,44,40pi/22,1,1.0,True
Z22,44,42pi/22,1,1.0,True
Z23,46,0,1,47.0,False
Z23,46,2pi/23,1,1.0,True
Z23,46,4pi/23,1,1.0,True
Z23,46,6pi/23,1,1.0,True
Z23,46,8pi/23,1,1.0,True
Z23,46,10pi/23,1,1.0,True
Z23,46,12pi/23,1,1.0,True
Z23,46,14pi/23,1,1.0,True
Z23,46,16pi/23,1,1.0,True
Z23,46,18pi/23,1,1.0,True
Z23,46,20pi/23,1,1.0,True
Z23,46,22pi/23,1,1.0,True
Z23,46,24pi/23,1,1.0,True
Z23,46,26pi/23,1,1.0,True
Z23,46,28pi/23,1,1.0,True
Z23,46,30pi/23,1,1.0,True
Z23,46,32pi/23,1,1.0,True
Z23,46,34pi/23,1,1.0,True
Z23,46,36pi/23,1,1.0,True
Z23,46,38pi/23,1,1.0,True
Z23,46,40pi/23,1,1.0,True
Z23,46,42pi/23,1,1.0,True
Z23,46,44pi/23,1,1.0,True
Z24,48,0,1,49.0,False
Z24,48,2pi/24,1,1.0,True
Z24,48,4pi/24,1,1.0,True
Z24,48,6pi/24,1,1.0,True
Z24,48,8pi/24,1,1.0,True
Z24,48,10pi/24,1,1.0,True
Z24,48,12pi/24,1,1.0,True
Z24,48,14pi/24,1,1.0,True
Z24,48,16pi/24,1,1.0,True
Z24,48,18pi/24,1,1.0,True
Z24,48,20pi/24,1,1.0,True
Z24,48,22pi/24,1,1.0,True
Z24,48,pi,1,49.0,False
Z24,48,26pi/24,1,1.0,True
Z24,48,28pi/24,1,1.0,True
Z24,48,30pi/24,1,1.0,True
Z24,48,32pi/24,1,1.0,True
Z24,48,34pi/24,1,1.0,True
Z24,48,36pi/24,1,1.0,True
Z24,48,38pi/24,1,1.0,True
Z24,48,40pi/24,1,1.0,True
Z24,48,42pi/24,1,1.0,True
Z24,48,44pi/24,1,1.0,True
Z24,48,46pi/24,1,1.0,True
Z25,50,0,1,51.0,False
Z25,50,2pi/25,1,1.0,True
Z25,50,4pi/25,1,1.0,True
Z25,50,6pi/25,1,1.0,True
Z25,50,8pi/25,1,1.0,True
Z25,50,10pi/25,1,1.0,True
Z25,50,12pi/25,1,1.0,True
Z25,50,14pi/25,1,1.0,True
Z25,50,16pi/25,1,1.0,True
Z25,50,18pi/25,1,1.0,True
Z25,50,20pi/25,1,1.0,True
Z25,50,22pi/25,1,1.0,True
Z25,50,24pi/25,1,1.0,True
Z25,50,26pi/25,1,1.0,True
Z25,50,28pi/25,1,1.0,True
Z25,50,30pi/25,1,1.0,True
Z25,50,32pi/25,1,1.0,True
Z25,50,34pi/25,1,1.0,True
Z25,50,36pi/25,1,1.0,True
Z25,50,38pi/25,1,1.0,True
Z25,50,40pi/25,1,1.0,True
Z25,50,42pi/25,1,1.0,True
Z25,50,44pi/25,1,1.0,True
Z25,50,46pi/25,1,1.0,True
Z25,50,48pi/25,1,1.0,True
Z26,52,0,1,53.0,False
Z26,52,2pi/26,1,1.0,True
Z26,52,4pi/26,1,1.0,True
Z26,52,6pi/26,1,1.0,True
Z26,52,8pi/26,1,1.0,True
Z26,52,10pi/26,1,1.0,True
Z26,52,12pi/26,1,1.0,True
Z26,52,14pi/26,1,1.0,True
Z26,52,16pi/26,1,1.0,True
Z26,52,18pi/26,1,1.0,True
Z26,52,20pi/26,1,1.0,True
Z26,52,22pi/26,1,1.0,True
Z26,52,24pi/26,1,1.0,True
Z26,52,pi,1,53.0,False
Z26,52,28pi/26,1,1.0,True
Z26,52,30pi/26,1,1.0,True
Z26,52,32pi/26,1,1.0,True
Z26,52,34pi/26,1,1.0,True
Z26,52,36pi/26,1,1.0,True
Z26,52,38pi/26,1,1.0,True
Z26,52,40pi/26,1,1.0,True
Z26,52,42pi/26,1,1.0,True
Z26,52,44pi/26,1,1.0,True
Z26,52,46pi/26,1,1.0,True
Z26,52,48pi/26,1,1.0,True
Z26,52,50pi/26,1,1.0,True
Z27,54,0,1,55.0,False
Z27,54,2pi/27,1,1.0,True
Z27,54,4pi/27,1,1.0,True
Z27,54,6pi/27,1,1.0,True
Z27,54,8pi/27,1,1.0,True
Z27,54,10pi/27,1,1.0,True
Z27,54,12pi/27,1,1.0,True
Z27,54,14pi/27,1,1.0,True
Z27,54,16pi/27,1,1.0,True
Z27,54,18pi/27,1,1.0,True
Z27,54,20pi/27,1,1.0,True
Z27,54,22pi/27,1,1.0,True
Z27,54,24pi/27,1,1.0,True
Z27,54,26pi/27,1,1.0,True
Z27,54,28pi/27,1,1.0,True
Z27,54,30pi/27,1,1.0,True
Z27,54,32pi/27,1,1.0,True
Z27,54,34pi/27,1,1.0,True
Z27,54,36pi/27,1,1.0,True
Z27,54,38pi/27,1,1.0,True
Z27,54,40pi/27,1,1.0,True
Z27,54,42pi/27,1,1.0,True
Z27,54,44pi/27,1,1.0,True
Z27,54,46pi/27,1,1.0,True
Z27,54,48pi/27,1,1.0,True
Z27,54,50pi/27,1,1.0,True
Z27,54,52pi/27,1,1.0,True
Z28,56,0,1,57.0,False
Z28,56,2pi/28,1,1.0,True
Z28,56,4pi/28,1,1.0,True
Z28,56,6pi/28,1,1.0,True
Z28,56,8pi/28,1,1.0,True
Z28,56,10pi/28,1,1.0,True
Z28,56,12pi/28,1,1.0,True
Z28,56,14pi/28,1,1.0,True
Z28,56,16pi/28,1,1.0,True
Z28,56,18pi/28,1,1.0,True
Z28,56,20pi/28,1,1.0,True
Z28,56,22pi/28,1,1.0,True
Z28,56,24pi/28,1,1.0,True
Z28,56,26pi/28,1,1.0,True
Z28,56,pi,1,57.0,False
Z28,56,30pi/28,1,1.0,True
Z28,56,32pi/28,1,1.0,True
Z28,56,34pi/28,1,1.0,True
Z28,56,36pi/28,1,1.0,True
Z28,56,38pi/28,1,1.0,True
Z28,56,40pi/28,1,1.0,True
Z28,56,42pi/28,1,1.0,True
Z28,56,44pi/28,1,1.0,True
Z28,56,46pi/28,1,1.0,True
Z28,56,48pi/28,1,1.0,True
Z28,56,50pi/28,1,1.0,True
Z28,56,52pi/28,1,1.0,True
Z28,56,54pi/28,1,1.0,True
Z29,58,0,1,59.0,False
Z29,58,2pi/29,1,1.0,True
Z29,58,4pi/29,1,1.0,True
Z29,58,6pi/29,1,1.0,True
Z29,58,8pi/29,1,1.0,True
Z29,58,10pi/29,1,1.0,True
Z29,58,12pi/29,1,1.0,True
Z29,58,14pi/29,1,1.0,True
Z29,58,16pi/29,1,1.0,True
Z29,58,18pi/29,1,1.0,True
Z29,58,20pi/29,1,1.0,True
Z29,58,22pi/29,1,1.0,True
Z29,58,24pi/29,1,1.0,True
Z29,58,26pi/29,1,1.0,True
Z29,58,28pi/29,1,1.0,True
Z29,58,30pi/29,1,1.0,True
Z29,58,32pi/29,1,1.0,True
Z29,58,34pi/29,1,1.0,True
Z29,58,36pi/29,1,1.0,True
Z29,58,38pi/29,1,1.0,True
Z29,58,40pi/29,1,1.0,True
Z29,58,42pi/29,1,1.0,True
Z29,58,44pi/29,1,1.0,True
Z29,58,46pi/29,1,1.0,True
Z29,58,48pi/29,1,1.0,True
Z29,58,50pi/29,1,1.0,True
Z29,58,52pi/29,1,1.0,True
Z29,58,54pi/29,1,1.0,True
Z29,58,56pi/29,1,1.0,True
Z30,60,0,1,61.0,False
Z30,60,2pi/30,1,1.0,True
Z30,60,4pi/30,1,1.0,True
Z30,60,6pi/30,1,1.0,True
Z30,60,8pi/30,1,1.0,True
Z30,60,10pi/30,1,1.0,True
Z30,60,12pi/30,1,1.0,True
Z30,60,14pi/30,1,1.0,True
Z30,60,16pi/30,1,1.0,True
Z30,60,18pi/30,1,1.0,True
Z30,60,20pi/30,1,1.0,True
Z30,60,22pi/30,1,1.0,True
Z30,60,24pi/30,1,1.0,True
Z30,60,26pi/30,1,1.0,True
Z30,60,28pi/30,1,1.0,True
Z30,60,pi,1,61.0,False
Z30,60,32pi/30,1,1.0,True
Z30,60,34pi/30,1,1.0,True
Z30,60,36pi/30,1,1.0,True
Z30,60,38pi/30,1,1.0,True
Z30,60,40pi/30,1,1.0,True
Z30,60,42pi/30,1,1.0,True
Z30,60,44pi/30,1,1.0,True
Z30,60,46pi/30,1,1.0,True
Z30,60,48pi/30,1,1.0,True
Z30,60,50pi/30,1,1.0,True
Z30,60,52pi/30,1,1.0,True
Z30,60,54pi/30,1,1.0,True
Z30,60,56pi/30,1,1.0,True
Z30,60,58pi/30,1,1.0,True
Z31,62,0,1,63.0,False
Z31,62,2pi/31,1,1.0,True
Z31,62,4pi/31,1,1.0,True
Z31,62,6pi/31,1,1.0,True
Z31,62,8pi/31,1,1.0,True
Z31,62,10pi/31,1,1.0,True
Z31,62,12pi/31,1,1.0,True
Z31,62,14pi/31,1,1.0,True
Z31,62,16pi/31,1,1.0,True
Z31,62,18pi/31,1,1.0,True
Z31,62,20pi/31,1,1.0,True
Z31,62,22pi/31,1,1.0,True
Z31,62,24pi/31,1,1.0,True
Z31,62,26pi/31,1,1.0,True
Z31,62,28pi/31,1,1.0,True
Z31,62,30pi/31,1,1.0,True
Z31,62,32pi/31,1,1.0,True
Z31,62,34pi/31,1,1.0,True
Z31,62,36pi/31,1,1.0,True
Z31,62,38pi/31,1,1.0,True
Z31,62,40pi/31,1,1.0,True
Z31,62,42pi/31,1,1.0,True
Z31,62,44pi/31,1,1.0,True
Z31,62,46pi/31,1,1.0,True
Z31,62,48pi/31,1,1.0,True
Z31,62,50pi/31,1,1.0,True
Z31,62,52pi/31,1,1.0,True
Z31,62,54pi/31,1,1.0,True
Z31,62,56pi/31,1,1.0,True
Z31,62,58pi/31,1,1.0,True
Z31,62,60pi/31,1,1.0,True
Z32,64,0,1,65.0,False
Z32,64,2pi/32,1,1.0,True
Z32,64,4pi/32,1,1.0,True
Z32,64,6pi/32,1,1.0,True
Z32,64,8pi/32,1,1.0,True
Z32,64,10pi/32,1,1.0,True
Z32,64,12pi/32,1,1.0,True
Z32,64,14pi/32,1,1.0,True
Z32,64,16pi/32,1,1.0,True
Z32,64,18pi/32,1,1.0,True
Z32,64,20pi/32,1,1.0,True
Z32,64,22pi/32,1,1.0,True
Z32,64,24pi/32,1,1.0,True
Z32,64,26pi/32,1,1.0,True
Z32,64,28pi/32,1,1.0,True
Z32,64,30pi/32,1,1.0,True
Z32,64,pi,1,65.0,False
Z32,64,34pi/32,1,1.0,True
Z32,64,36pi/32,1,1.0,True
Z32,64,38pi/32,1,1.0,True
Z32,64,40pi/32,1,1.0,True
Z32,64,42pi/32,1,1.0,True
Z32,64,44pi/32,1,1.0,True
Z32,64,46pi/32,1,1.0,True
Z32,64,48pi/32,1,1.0,True
Z32,64,50pi/32,1,1.0,True
Z32,64,52pi/32,1,1.0,True
Z32,64,54pi/32,1,1.0,True
Z32,64,56pi/32,1,1.0,True
Z32,64,58pi/32,1,1.0,True
Z32,64,60pi/32,1,1.0,True
Z32,64,62pi/32,1,1.0,True
Z33,66,0,1,67.0,False
Z33,66,2pi/33,1,1.0,True
Z33,66,4pi/33,1,1.0,True
Z33,66,6pi/33,1,1.0,True
Z33,66,8pi/33,1,1.0,True
Z33,66,10pi/33,1,1.0,True
Z33,66,12pi/33,1,1.0,True
Z33,66,14pi/33,1,1.0,True
Z33,66,16pi/33,1,1.0,True
Z33,66,18pi/33,1,1.0,True
Z33,66,20pi/33,1,1.0,True
Z33,66,22pi/33,1,1.0,True
Z33,66,24pi/33,1,1.0,True
Z33,66,26pi/33,1,1.0,True
Z33,66,28pi/33,1,1.0,True
Z33,66,30pi/33,1,1.0,True
Z33,66,32pi/33,1,1.0,True
Z33,66,34pi/33,1,1.0,True
Z33,66,36pi/33,1,1.0,True
Z33,66,38pi/33,1,1.0,True
Z33,66,40pi/33,1,1.0,True
Z33,66,42pi/33,1,1.0,True
Z33,66,44pi/33,1,1.0,True
Z33,66,46pi/33,1,1.0,True
Z33,66,48pi/33,1,1.0,True
Z33,66,50pi/33,1,1.0,True
Z33,66,52pi/33,1,1.0,True
Z33,66,54pi/33,1,1.0,True
Z33,66,56pi/33,1,1.0,True
Z33,66,58pi/33,1,1.0,True
Z33,66,60pi/33,1,1.0,True
Z33,66,62pi/33,1,1.0,True
Z33,66,64pi/33,1,1.0,True
Z34,68,0,1,69.0,False
Z34,68,2pi/34,1,1.0,True
Z34,68,4pi/34,1,1.0,True
Z34,68,6pi/34,1,1.0,True
Z34,68,8pi/34,1,1.0,True
Z34,68,10pi/34,1,1.0,True
Z34,68,12pi/34,1,1.0,True
Z34,68,14pi/34,1,1.0,True
Z34,68,16pi/34,1,1.0,True
Z34,68,18pi/34,1,1.0,True
Z34,68,20pi/34,1,1.0,True
Z34,68,22pi/34,1,1.0,True
Z34,68,24pi/34,1,1.0,True
Z34,68,26pi/34,1,1.0,True
Z34,68,28pi/34,1,1.0,True
Z34,68,30pi/34,1,1.0,True
Z34,68,32pi/34,1,1.0,True
Z34,68,pi,1,69.0,False
Z34,68,36pi/34,1,1.0,True
Z34,68,38pi/34,1,1.0,True
Z34,68,40pi/34,1,1.0,True
Z34,68,42pi/34,1,1.0,True
Z34,68,44pi/34,1,1.0,True
Z34,68,46pi/34,1,1.0,True
Z34,68,48pi/34,1,1.0,True
Z34,68,50pi/34,1,1.0,True
Z34,68,52pi/34,1,1.0,True
Z34,68,54pi/34,1,1.0,True
Z34,68,56pi/34,1,1.0,True
Z34,68,58pi/34,1,1.0,True
Z34,68,60pi/34,1,1.0,True
Z34,68,62pi/34,1,1.0,True
Z34,68,64pi/34,1,1.0,True
Z34,68,66pi/34,1,1.0,True
Z35,70,0,1,71.0,False
Z35,70,2pi/35,1,1.0,True
Z35,70,4pi/35,1,1.0,True
Z35,70,6pi/35,1,1.0,True
Z35,70,8pi/35,1,1.0,True
Z35,70,10pi/35,1,1.0,True
Z35,70,12pi/35,1,1.0,True
Z35,70,14pi/35,1,1.0,True
Z35,70,16pi/35,1,1.0,True
Z35,70,18pi/35,1,1.0,True
Z35,70,20pi/35,1,1.0,True
Z35,70,22pi/35,1,1.0,True
Z35,70,24pi/35,1,1.0,True
Z35,70,26pi/35,1,1.0,True
Z35,70,28pi/35,1,1.0,True
Z35,70,30pi/35,1,1.0,True
Z35,70,32pi/35,1,1.0,True
Z35,70,34pi/35,1,1.0,True
Z35,70,36pi/35,1,1.0,True
Z35,70,38pi/35,1,1.0,True
Z35,70,40pi/35,1,1.0,True
Z35,70,42pi/35,1,1.0,True
Z35,70,44pi/35,1,1.0,True
Z35,70,46pi/35,1,1.0,True
Z35,70,48pi/35,1,1.0,True
Z35,70,50pi/35,1,1.0,True
Z35,70,52pi/35,1,1.0,True
Z35,70,54pi/35,1,1.0,True
Z35,70,56pi/35,1,1.0,True
Z35,70,58pi/35,1,1.0,True
Z35,70,60pi/35,1,1.0,True
Z35,70,62pi/35,1,1.0,True
Z35,70,64pi/35,1,1.0,True
Z35,70,66pi/35,1,1.0,True
Z35,70,68pi/35,1,1.0,True
Z36,72,0,1,73.0,False
Z36,72,2pi/36,1,1.0,True
Z36,72,4pi/36,1,1.0,True
Z36,72,6pi/36,1,1.0,True
Z36,72,8pi/36,1,1.0,True
Z36,72,10pi/36,1,1.0,True
Z36,72,12pi/36,1,1.0,True
Z36,72,14pi/36,1,1.0,True
Z36,72,16pi/36,1,1.0,True
Z36,72,18pi/36,1,1.0,True
Z36,72,20pi/36,1,1.0,True
Z36,72,22pi/36,1,1.0,True
Z36,72,24pi/36,1,1.0,True
Z36,72,26pi/36,1,1.0,True
Z36,72,28pi/36,1,1.0,True
Z36,72,30pi/36,1,1.0,True
Z36,72,32pi/36,1,1.0,True
Z36,72,34pi/36,1,1.0,True
Z36,72,pi,1,73.0,False
Z36,72,38pi/36,1,1.0,True
Z36,72,40pi/36,1,1.0,True
Z36,72,42pi/36,1,1.0,True
Z36,72,44pi/36,1,1.0,True
Z36,72,46pi/36,1,1.0,True
Z36,72,48pi/36,1,1.0,True
Z36,72,50pi/36,1,1.0,True
Z36,72,52pi/36,1,1.0,True
Z36,72,54pi/36,1,1.0,True
Z36,72,56pi/36,1,1.0,True
Z36,72,58pi/36,1,1.0,True
Z36,72,60pi/36,1,1.0,True
Z36,72,62pi/36,1,1.0,True
Z36,72,64pi/36,1,1.0,True
Z36,72,66pi/36,1,1.0,True
Z36,72,68pi/36,1,1.0,True
Z36,72,70pi/36,1,1.0,True
Z37,74,0,1,75.0,False
Z37,74,2pi/37,1,1.0,True
Z37,74,4pi/37,1,1.0,True
Z37,74,6pi/37,1,1.0,True
Z37,74,8pi/37,1,1.0,True
Z37,74,10pi/37,1,1.0,True
Z37,74,12pi/37,1,1.0,True
Z37,74,14pi/37,1,1.0,True
Z37,74,16pi/37,1,1.0,True
Z37,74,18pi/37,1,1.0,True
Z37,74,20pi/37,1,1.0,True
Z37,74,22pi/37,1,1.0,True
Z37,74,24pi/37,1,1.0,True
Z37,74,26pi/37,1,1.0,True
Z37,74,28pi/37,1,1.0,True
Z37,74,30pi/37,1,1.0,True
Z37,74,32pi/37,1,1.0,True
Z37,74,34pi/37,1,1.0,True
Z37,74,36pi/37,1,1.0,True
Z37,74,38pi/37,1,1.0,True
Z37,74,40pi/37,1,1.0,True
Z37,74,42pi/37,1,1.0,True
Z37,74,44pi/37,1,1.0,True
Z37,74,46pi/37,1,1.0,True
Z37,74,48pi/37,1,1.0,True
Z37,74,50pi/37,1,1.0,True
Z37,74,52pi/37,1,1.0,True
Z37,74,54pi/37,1,1.0,True
Z37,74,56pi/37,1,1.0,True
Z37,74,58pi/37,1,1.0,True
Z37,74,60pi/37,1,1.0,True
Z37,74,62pi/37,1,1.0,True
Z37,74,64pi/37,1,1.0,True
Z37,74,66pi/37,1,1.0,True
Z37,74,68pi/37,1,1.0,True
Z37,74,70pi/37,1,1.0,True
Z37,74,72pi/37,1,1.0,True
Z38,76,0,1,77.0,False
Z38,76,2pi/38,1,1.0,True
Z38,76,4pi/38,1,1.0,True
Z38,76,6pi/38,1,1.0,True
Z38,76,8pi/38,1,1.0,True
Z38,76,10pi/38,1,1.0,True
Z38,76,12pi/38,1,1.0,True
Z38,76,14pi/38,1,1.0,True
Z38,76,16pi/38,1,1.0,True
Z38,76,18pi/38,1,1.0,True
Z38,76,20pi/38,1,1.0,True
Z38,76,22pi/38,1,1.0,True
Z38,76,24pi/38,1,1.0,True
Z38,76,26pi/38,1,1.0,True
Z38,76,28pi/38,1,1.0,True
Z38,76,30pi/38,1,1.0,True
Z38,76,32pi/38,1,1.0,True
Z38,76,34pi/38,1,1.0,True
Z38,76,36pi/38,1,1.0,True
Z38,76,pi,1,77.0,False
Z38,76,40pi/38,1,1.0,True
Z38,76,42pi/38,1,1.0,True
Z38,76,44pi/38,1,1.0,True
Z38,76,46pi/38,1,1.0,True
Z38,76,48pi/38,1,1.0,True
Z38,76,50pi/38,1,1.0,True
Z38,76,52pi/38,1,1.0,True
Z38,76,54pi/38,1,1.0,True
Z38,76,56pi/38,1,1.0,True
Z38,76,58pi/38,1,1.0,True
Z38,76,60pi/38,1,1.0,True
Z38,76,62pi/38,1,1.0,True
Z38,76,64pi/38,1,1.0,True
Z38,76,66pi/38,1,1.0,True
Z38,76,68pi/38,1,1.0,True
Z38,76,70pi/38,1,1.0,True
Z38,76,72pi/38,1,1.0,True
Z38,76,74pi/38,1,1.0,True
Z39,78,0,1,79.0,False
Z39,78,2pi/39,1,1.0,True
Z39,78,4pi/39,1,1.0,True
Z39,78,6pi/39,1,1.0,True
Z39,78,8pi/39,1,1.0,True
Z39,78,10pi/39,1,1.0,True
Z39,78,12pi/39,1,1.0,True
Z39,78,14pi/39,1,1.0,True
Z39,78,16pi/39,1,1.0,True
Z39,78,18pi/39,1,1.0,True
Z39,78,20pi/39,1,1.0,True
Z39,78,22pi/39,1,1.0,True
Z39,78,24pi/39,1,1.0,True
Z39,78,26pi/39,1,1.0,True
Z39,78,28pi/39,1,1.0,True
Z39,78,30pi/39,1,1.0,True
Z39,78,32pi/39,1,1.0,True
Z39,78,34pi/39,1,1.0,True
Z39,78,36pi/39,1,1.0,True
Z39,78,38pi/39,1,1.0,True
Z39,78,40pi/39,1,1.0,True
Z39,78,42pi/39,1,1.0,True
Z39,78,44pi/39,1,1.0,True
Z39,78,46pi/39,1,1.0,True
Z39,78,48pi/39,1,1.0,True
Z39,78,50pi/39,1,1.0,True
Z39,78,52pi/39,1,1.0,True
Z39,78,54pi/39,1,1.0,True
Z39,78,56pi/39,1,1.0,True
Z39,78,58pi/39,1,1.0,True
Z39,78,60pi/39,1,1.0,True
Z39,78,62pi/39,1,1.0,True
Z39,78,64pi/39,1,1.0,True
Z39,78,66pi/39,1,1.0,True
Z39,78,68pi/39,1,1.0,True
Z39,78,70pi/39,1,1.0,True
Z39,78,72pi/39,1,1.0,True
Z39,78,74pi/39,1,1.0,True
Z39,78,76pi/39,1,1.0,True
Z40,80,0,1,81.0,False
Z40,80,2pi/40,1,1.0,True
Z40,80,4pi/40,1,1.0,True
Z40,80,6pi/40,1,1.0,True
Z40,80,8pi/40,1,1.0,True
Z40,80,10pi/40,1,1.0,True
Z40,80,12pi/40,1,1.0,True
Z40,80,14pi/40,1,1.0,True
Z40,80,16pi/40,1,1.0,True
Z40,80,18pi/40,1,1.0,True
Z40,80,20pi/40,1,1.0,True
Z40,80,22pi/40,1,1.0,True
Z40,80,24pi/40,1,1.0,True
Z40,80,26pi/40,1,1.0,True
Z40,80,28pi/40,1,1.0,True
Z40,80,30pi/40,1,1.0,True
Z40,80,32pi/40,1,1.0,True
Z40,80,34pi/40,1,1.0,True
Z40,80,36pi/40,1,1.0,True
Z40,80,38pi/40,1,1.0,True
Z40,80,pi,1,81.0,False
Z40,80,42pi/40,1,1.0,True
Z40,80,44pi/40,1,1.0,True
Z40,80,46pi/40,1,1.0,True
Z40,80,48pi/40,1,1.0,True
Z40,80,50pi/40,1,1.0,True
Z40,80,52pi/40,1,1.0,True
Z40,80,54pi/40,1,1.0,True
Z40,80,56pi/40,1,1.0,True
Z40,80,58pi/40,1,1.0,True
Z40,80,60pi/40,1,1.0,True
Z40,80,62pi/40,1,1.0,True
Z40,80,64pi/40,1,1.0,True
Z40,80,66pi/40,1,1.0,True
Z40,80,68pi/40,1,1.0,True
Z40,80,70pi/40,1,1.0,True
Z40,80,72pi/40,1,1.0,True
Z40,80,74pi/40,1,1.0,True
Z40,80,76pi/40,1,1.0,True
Z40,80,78pi/40,1,1.0,True
Z41,82,0,1,83.0,False
Z41,82,2pi/41,1,1.0,True
Z41,82,4pi/41,1,1.0,True
Z41,82,6pi/41,1,1.0,True
Z41,82,8pi/41,1,1.0,True
Z41,82,10pi/41,1,1.0,True
Z41,82,12pi/41,1,1.0,True
Z41,82,14pi/41,1,1.0,True
Z41,82,16pi/41,1,1.0,True
Z41,82,18pi/41,1,1.0,True
Z41,82,20pi/41,1,1.0,True
Z41,82,22pi/41,1,1.0,True
Z41,82,24pi/41,1,1.0,True
Z41,82,26pi/41,1,1.0,True
Z41,82,28pi/41,1,1.0,True
Z41,82,30pi/41,1,1.0,True
Z41,82,32pi/41,1,1.0,True
Z41,82,34pi/41,1,1.0,True
Z41,82,36pi/41,1,1.0,True
Z41,82,38pi/41,1,1.0,True
Z41,82,40pi/41,1,1.0,True
Z41,82,42pi/41,1,1.0,True
Z41,82,44pi/41,1,1.0,True
Z41,82,46pi/41,1,1.0,True
Z41,82,48pi/41,1,1.0,True
Z41,82,50pi/41,1,1.0,True
Z41,82,52pi/41,1,1.0,True
Z41,82,54pi/41,1,1.0,True
Z41,82,56pi/41,1,1.0,True
Z41,82,58pi/41,1,1.0,True
Z41,82,60pi/41,1,1.0,True
Z41,82,62pi/41,1,1.0,True
Z41,82,64pi/41,1,1.0,True
Z41,82,66pi/41,1,1.0,True
Z41,82,68pi/41,1,1.0,True
Z41,82,70pi/41,1,1.0,True
Z41,82,72pi/41,1,1.0,True
Z41,82,74pi/41,1,1.0,True
Z41,82,76pi/41,1,1.0,True
Z41,82,78pi/41,1,1.0,True
Z41,82,80pi/41,1,1.0,True
Z42,84,0,1,85.0,False
Z42,84,2pi/42,1,1.0,True
Z42,84,4pi/42,1,1.0,True
Z42,84,6pi/42,1,1.0,True
Z42,84,8pi/42,1,1.0,True
Z42,84,10pi/42,1,1.0,True
Z42,84,12pi/42,1,1.0,True
Z42,84,14pi/42,1,1.0,True
Z42,84,16pi/42,1,1.0,True
Z42,84,18pi/42,1,1.0,True
Z42,84,20pi/42,1,1.0,True
Z42,84,22pi/42,1,1.0,True
Z42,84,24pi/42,1,1.0,True
Z42,84,26pi/42,1,1.0,True
Z42,84,28pi/42,1,1.0,True
Z42,84,30pi/42,1,1.0,True
Z42,84,32pi/42,1,1.0,True
Z42,84,34pi/42,1,1.0,True
Z42,84,36pi/42,1,1.0,True
Z42,84,38pi/42,1,1.0,True
Z42,84,40pi/42,1,1.0,True
Z42,84,pi,1,85.0,False
Z42,84,44pi/42,1,1.0,True
Z42,84,46pi/42,1,1.0,True
Z42,84,48pi/42,1,1.0,True
Z42,84,50pi/42,1,1.0,True
Z42,84,52pi/42,1,1.0,True
Z42,84,54pi/42,1,1.0,True
Z42,84,56pi/42,1,1.0,True
Z42,84,58pi/42,1,1.0,True
Z42,84,60pi/42,1,1.0,True
Z42,84,62pi/42,1,1.0,True
Z42,84,64pi/42,1,1.0,True
Z42,84,66pi/42,1,1.0,True
Z42,84,68pi/42,1,1.0,True
Z42,84,70pi/42,1,1.0,True
Z42,84,72pi/42,1,1.0,True
Z42,84,74pi/42,1,1.0,True
Z42,84,76pi/42,1,1.0,True
Z42,84,78pi/42,1,1.0,True
Z42,84,80pi/42,1,1.0,True
Z42,84,82pi/42,1,1.0,True
Z43,86,0,1,87.0,False
Z43,86,2pi/43,1,1.0,True
Z43,86,4pi/43,1,1.0,True
Z43,86,6pi/43,1,1.0,True
Z43,86,8pi/43,1,1.0,True
Z43,86,10pi/43,1,1.0,True
Z43,86,12pi/43,1,1.0,True
Z43,86,14pi/43,1,1.0,True
Z43,86,16pi/43,1,1.0,True
Z43,86,18pi/43,1,1.0,True
Z43,86,20pi/43,1,1.0,True
Z43,86,22pi/43,1,1.0,True
Z43,86,24pi/43,1,1.0,True
Z43,86,26pi/43,1,1.0,True
Z43,86,28pi/43,1,1.0,True
Z43,86,30pi/43,1,1.0,True
Z43,86,32pi/43,1,1.0,True
Z43,86,34pi/43,1,1.0,True
Z43,86,36pi/43,1,1.0,True
Z43,86,38pi/43,1,1.0,True
Z43,86,40pi/43,1,1.0,True
Z43,86,42pi/43,1,1.0,True
Z43,86,44pi/43,1,1.0,True
Z43,86,46pi/43,1,1.0,True
Z43,86,48pi/43,1,1.0,True
Z43,86,50pi/43,1,1.0,True
Z43,86,52pi/43,1,1.0,True
Z43,86,54pi/43,1,1.0,True
Z43,86,56pi/43,1,1.0,True
Z43,86,58pi/43,1,1.0,True
Z43,86,60pi/43,1,1.0,True
Z43,86,62pi/43,1,1.0,True
Z43,86,64pi/43,1,1.0,True
Z43,86,66pi/43,1,1.0,True
Z43,86,68pi/43,1,1.0,True
Z43,86,70pi/43,1,1.0,True
Z43,86,72pi/43,1,1.0,True
Z43,86,74pi/43,1,1.0,True
Z43,86,76pi/43,1,1.0,True
Z43,86,78pi/43,1,1.0,True
Z43,86,80pi/43,1,1.0,True
Z43,86,82pi/43,1,1.0,True
Z43,86,84pi/43,1,1.0,True
Z44,88,0,1,89.0,False
Z44,88,2pi/44,1,1.0,True
Z44,88,4pi/44,1,1.0,True
Z44,88,6pi/44,1,1.0,True
Z44,88,8pi/44,1,1.0,True
Z44,88,10pi/44,1,1.0,True
Z44,88,12pi/44,1,1.0,True
Z44,88,14pi/44,1,1.0,True
Z44,88,16pi/44,1,1.0,True
Z44,88,18pi/44,1,1.0,True
Z44,88,20pi/44,1,1.0,True
Z44,88,22pi/44,1,1.0,True
Z44,88,24pi/44,1,1.0,True
Z44,88,26pi/44,1,1.0,True
Z44,88,28pi/44,1,1.0,True
Z44,88,30pi/44,1,1.0,True
Z44,88,32pi/44,1,1.0,True
Z44,88,34pi/44,1,1.0,True
Z44,88,36pi/44,1,1.0,True
Z44,88,38pi/44,1,1.0,True
Z44,88,40pi/44,1,1.0,True
Z44,88,42pi/44,1,1.0,True
Z44,88,pi,1,89.0,False
Z44,88,46pi/44,1,1.0,True
Z44,88,48pi/44,1,1.0,True
Z44,88,50pi/44,1,1.0,True
Z44,88,52pi/44,1,1.0,True
Z44,88,54pi/44,1,1.0,True
Z44,88,56pi/44,1,1.0,True
Z44,88,58pi/44,1,1.0,True
Z44,88,60pi/44,1,1.0,True
Z44,88,62pi/44,1,1.0,True
Z44,88,64pi/44,1,1.0,True
Z44,88,66pi/44,1,1.0,True
Z44,88,68pi/44,1,1.0,True
Z44,88,70pi/44,1,1.0,True
Z44,88,72pi/44,1,1.0,True
Z44,88,74pi/44,1,1.0,True
Z44,88,76pi/44,1,1.0,True
Z44,88,78pi/44,1,1.0,True
Z44,88,80pi/44,1,1.0,True
Z44,88,82pi/44,1,1.0,True
Z44,88,84pi/44,1,1.0,True
Z44,88,86pi/44,1,1.0,True
Z45,90,0,1,91.0,False
Z45,90,2pi/45,1,1.0,True
Z45,90,4pi/45,1,1.0,True
Z45,90,6pi/45,1,1.0,True
Z45,90,8pi/45,1,1.0,True
Z45,90,10pi/45,1,1.0,True
Z45,90,12pi/45,1,1.0,True
Z45,90,14pi/45,1,1.0,True
Z45,90,16pi/45,1,1.0,True
Z45,90,18pi/45,1,1.0,True
Z45,90,20pi/45,1,1.0,True
Z45,90,22pi/45,1,1.0,True
Z45,90,24pi/45,1,1.0,True
Z45,90,26pi/45,1,1.0,True
Z45,90,28pi/45,1,1.0,True
Z45,90,30pi/45,1,1.0,True
Z45,90,32pi/45,1,1.0,True
Z45,90,34pi/45,1,1.0,True
Z45,90,36pi/45,1,1.0,True
Z45,90,38pi/45,1,1.0,True
Z45,90,40pi/45,1,1.0,True
Z45,90,42pi/45,1,1.0,True
Z45,90,44pi/45,1,1.0,True
Z45,90,46pi/45,1,1.0,True
Z45,90,48pi/45,1,1.0,True
Z45,90,50pi/45,1,1.0,True
Z45,90,52pi/45,1,1.0,True
Z45,90,54pi/45,1,1.0,True
Z45,90,56pi/45,1,1.0,True
Z45,90,58pi/45,1,1.0,True
Z45,90,60pi/45,1,1.0,True
Z45,90,62pi/45,1,1.0,True
Z45,90,64pi/45,1,1.0,True
Z45,90,66pi/45,1,1.0,True
Z45,90,68pi/45,1,1.0,True
Z45,90,70pi/45,1,1.0,True
Z45,90,72pi/45,1,1.0,True
Z45,90,74pi/45,1,1.0,True
Z45,90,76pi/45,1,1.0,True
Z45,90,78pi/45,1,1.0,True
Z45,90,80pi/45,1,1.0,True
Z45,90,82pi/45,1,1.0,True
Z45,90,84pi/45,1,1.0,True
Z45,90,86pi/45,1,1.0,True
Z45,90,88pi/45,1,1.0,True
Z46,92,0,1,93.0,False
Z46,92,2pi/46,1,1.0,True
Z46,92,4pi/46,1,1.0,True
Z46,92,6pi/46,1,1.0,True
Z46,92,8pi/46,1,1.0,True
Z46,92,10pi/46,1,1.0,True
Z46,92,12pi/46,1,1.0,True
Z46,92,14pi/46,1,1.0,True
Z46,92,16pi/46,1,1.0,True
Z46,92,18pi/46,1,1.0,True
Z46,92,20pi/46,1,1.0,True
Z46,92,22pi/46,1,1.0,True
Z46,92,24pi/46,1,1.0,True
Z46,92,26pi/46,1,1.0,True
Z46,92,28pi/46,1,1.0,True
Z46,92,30pi/46,1,1.0,True
Z46,92,32pi/46,1,1.0,True
Z46,92,34pi/46,1,1.0,True
Z46,92,36pi/46,1,1.0,True
Z46,92,38pi/46,1,1.0,True
Z46,92,40pi/46,1,1.0,True
Z46,92,42pi/46,1,1.0,True
Z46,92,44pi/46,1,1.0,True
Z46,92,pi,1,93.0,False
Z46,92,48pi/46,1,1.0,True
Z46,92,50pi/46,1,1.0,True
Z46,92,52pi/46,1,1.0,True
Z46,92,54pi/46,1,1.0,True
Z46,92,56pi/46,1,1.0,True
Z46,92,58pi/46,1,1.0,True
Z46,92,60pi/46,1,1.0,True
Z46,92,62pi/46,1,1.0,True
Z46,92,64pi/46,1,1.0,True
Z46,92,66pi/46,1,1.0,True
Z46,92,68pi/46,1,1.0,True
Z46,92,70pi/46,1,1.0,True
Z46,92,72pi/46,1,1.0,True
Z46,92,74pi/46,1,1.0,True
Z46,92,76pi/46,1,1.0,True
Z46,92,78pi/46,1,1.0,True
Z46,92,80pi/46,1,1.0,True
Z46,92,82pi/46,1,1.0,True
Z46,92,84pi/46,1,1.0,True
Z46,92,86pi/46,1,1.0,True
Z46,92,88pi/46,1,1.0,True
Z46,92,90pi/46,1,1.0,True
Z47,94,0,1,95.0,False
Z47,94,2pi/47,1,1.0,True
Z47,94,4pi/47,1,1.0,True
Z47,94,6pi/47,1,1.0,True
Z47,94,8pi/47,1,1.0,True
Z47,94,10pi/47,1,1.0,True
Z47,94,12pi/47,1,1.0,True
Z47,94,14pi/47,1,1.0,True
Z47,94,16pi/47,1,1.0,True
Z47,94,18pi/47,1,1.0,True
Z47,94,20pi/47,1,1.0,True
Z47,94,22pi/47,1,1.0,True
Z47,94,24pi/47,1,1.0,True
Z47,94,26pi/47,1,1.0,True
Z47,94,28pi/47,1,1.0,True
Z47,94,30pi/47,1,1.0,True
Z47,94,32pi/47,1,1.0,True
Z47,94,34pi/47,1,1.0,True
Z47,94,36pi/47,1,1.0,True
Z47,94,38pi/47,1,1.0,True
Z47,94,40pi/47,1,1.0,True
Z47,94,42pi/47,1,1.0,True
Z47,94,44pi/47,1,1.0,True
Z47,94,46pi/47,1,1.0,True
Z47,94,48pi/47,1,1.0,True
Z47,94,50pi/47,1,1.0,True
Z47,94,52pi/47,1,1.0,True
Z47,94,54pi/47,1,1.0,True
Z47,94,56pi/47,1,1.0,True
Z47,94,58pi/47,1,1.0,True
Z47,94,60pi/47,1,1.0,True
Z47,94,62pi/47,1,1.0,True
Z47,94,64pi/47,1,1.0,True
Z47,94,66pi/47,1,1.0,True
Z47,94,68pi/47,1,1.0,True
Z47,94,70pi/47,1,1.0,True
Z47,94,72pi/47,1,1.0,True
Z47,94,74pi/47,1,1.0,True
Z47,94,76pi/47,1,1.0,True
Z47,94,78pi/47,1,1.0,True
Z47,94,80pi/47,1,1.0,True
Z47,94,82pi/47,1,1.0,True
Z47,94,84pi/47,1,1.0,True
Z47,94,86pi/47,1,1.0,True
Z47,94,88pi/47,1,1.0,True
Z47,94,90pi/47,1,1.0,True
Z47,94,92pi/47,1,1.0,True
Z48,96,0,1,97.0,False
Z48,96,2pi/48,1,1.0,True
Z48,96,4pi/48,1,1.0,True
Z48,96,6pi/48,1,1.0,True
Z48,96,8pi/48,1,1.0,True
Z48,96,10pi/48,1,1.0,True
Z48,96,12pi/48,1,1.0,True
Z48,96,14pi/48,1,1.0,True
Z48,96,16pi/48,1,1.0,True
Z48,96,18pi/48,1,1.0,True
Z48,96,20pi/48,1,1.0,True
Z48,96,22pi/48,1,1.0,True
Z48,96,24pi/48,1,1.0,True
Z48,96,26pi/48,1,1.0,True
Z48,96,28pi/48,1,1.0,True
Z48,96,30pi/48,1,1.0,True
Z48,96,32pi/48,1,1.0,True
Z48,96,34pi/48,1,1.0,True
Z48,96,36pi/48,1,1.0,True
Z48,96,38pi/48,1,1.0,True
Z48,96,40pi/48,1,1.0,True
Z48,96,42pi/48,1,1.0,True
Z48,96,44pi/48,1,1.0,True
Z48,96,46pi/48,1,1.0,True
Z48,96,pi,1,97.0,False
Z48,96,50pi/48,1,1.0,True
Z48,96,52pi/48,1,1.0,True
Z48,96,54pi/48,1,1.0,True
Z48,96,56pi/48,1,1.0,True
Z48,96,58pi/48,1,1.0,True
Z48,96,60pi/48,1,1.0,True
Z48,96,62pi/48,1,1.0,True
Z48,96,64pi/48,1,1.0,True
Z48,96,66pi/48,1,1.0,True
Z48,96,68pi/48,1,1.0,True
Z48,96,70pi/48,1,1.0,True
Z48,96,72pi/48,1,1.0,True
Z48,96,74pi/48,1,1.0,True
Z48,96,76pi/48,1,1.0,True
Z48,96,78pi/48,1,1.0,True
Z48,96,80pi/48,1,1.0,True
Z48,96,82pi/48,1,1.0,True
Z48,96,84pi/48,1,1.0,True
Z48,96,86pi/48,1,1.0,True
Z48,96,88pi/48,1,1.0,True
Z48,96,90pi/48,1,1.0,True
Z48,96,92pi/48,1,1.0,True
Z48,96,94pi/48,1,1.0,True
Z49,98,0,1,99.0,False
Z49,98,2pi/49,1,1.0,True
Z49,98,4pi/49,1,1.0,True
Z49,98,6pi/49,1,1.0,True
Z49,98,8pi/49,1,1.0,True
Z49,98,10pi/49,1,1.0,True
Z49,98,12pi/49,1,1.0,True
Z49,98,14pi/49,1,1.0,True
Z49,98,16pi/49,1,1.0,True
Z49,98,18pi/49,1,1.0,True
Z49,98,20pi/49,1,1.0,True
Z49,98,22pi/49,1,1.0,True
Z49,98,24pi/49,1,1.0,True
Z49,98,26pi/49,1,1.0,True
Z49,98,28pi/49,1,1.0,True
Z49,98,30pi/49,1,1.0,True
Z49,98,32pi/49,1,1.0,True
Z49,98,34pi/49,1,1.0,True
Z49,98,36pi/49,1,1.0,True
Z49,98,38pi/49,1,1.0,True
Z49,98,40pi/49,1,1.0,True
Z49,98,42pi/49,1,1.0,True
Z49,98,44pi/49,1,1.0,True
Z49,98,46pi/49,1,1.0,True
Z49,98,48pi/49,1,1.0,True
Z49,98,50pi/49,1,1.0,True
Z49,98,52pi/49,1,1.0,True
Z49,98,54pi/49,1,1.0,True
Z49,98,56pi/49,1,1.0,True
Z49,98,58pi/49,1,1.0,True
Z49,98,60pi/49,1,1.0,True
Z49,98,62pi/49,1,1.0,True
Z49,98,64pi/49,1,1.0,True
Z49,98,66pi/49,1,1.0,True
Z49,98,68pi/49,1,1.0,True
Z49,98,70pi/49,1,1.0,True
Z49,98,72pi/49,1,1.0,True
Z49,98,74pi/49,1,1.0,True
Z49,98,76pi/49,1,1.0,True
Z49,98,78pi/49,1,1.0,True
Z49,98,80pi/49,1,1.0,True
Z49,98,82pi/49,1,1.0,True
Z49,98,84pi/49,1,1.0,True
Z49,98,86pi/49,1,1.0,True
Z49,98,88pi/49,1,1.0,True
Z49,98,90pi/49,1,1.0,True
Z49,98,92pi/49,1,1.0,True
Z49,98,94pi/49,1,1.0,True
Z49,98,96pi/49,1,1.0,True
Z50,100,0,1,101.0,False
Z50,100,2pi/50,1,1.0,True
Z50,100,4pi/50,1,1.0,True
Z50,100,6pi/50,1,1.0,True
Z50,100,8pi/50,1,1.0,True
Z50,100,10pi/50,1,1.0,True
Z50,100,12pi/50,1,1.0,True
Z50,100,14pi/50,1,1.0,True
Z50,100,16pi/50,1,1.0,True
Z50,100,18pi/50,1,1.0,True
Z50,100,20pi/50,1,1.0,True
Z50,100,22pi/50,1,1.0,True
Z50,100,24pi/50,1,1.0,True
Z50,100,26pi/50,1,1.0,True
Z50,100,28pi/50,1,1.0,True
Z50,100,30pi/50,1,1.0,True
Z50,100,32pi/50,1,1.0,True
Z50,100,34pi/50,1,1.0,True
Z50,100,36pi/50,1,1.0,True
Z50,100,38pi/50,1,1.0,True
Z50,100,40pi/50,1,1.0,True
Z50,100,42pi/50,1,1.0,True
Z50,100,44pi/50,1,1.0,True
Z50,100,46pi/50,1,1.0,True
Z50,100,48pi/50,1,1.0,True
Z50,100,pi,1,101.0,False
Z50,100,52pi/50,1,1.0,True
Z50,100,54pi/50,1,1.0,True
Z50,100,56pi/50,1,1.0,True
Z50,100,58pi/50,1,1.0,True
Z50,100,60pi/50,1,1.0,True
Z50,100,62pi/50,1,1.0,True
Z50,100,64pi/50,1,1.0,True
Z50,100,66pi/50,1,1.0,True
Z50,100,68pi/50,1,1.0,True
Z50,100,70pi/50,1,1.0,True
Z50,100,72pi/50,1,1.0,True
Z50,100,74pi/50,1,1.0,True
Z50,100,76pi/50,1,1.0,True
Z50,100,78pi/50,1,1.0,True
Z50,100,80pi/50,1,1.0,True
Z50,100,82pi/50,1,1.0,True
Z50,100,84pi/50,1,1.0,True
Z50,100,86pi/50,1,1.0,True
Z50,100,88pi/50,1,1.0,True
Z50,100,90pi/50,1,1.0,True
Z50,100,92pi/50,1,1.0,True
Z50,100,94pi/50,1,1.0,True
Z50,100,96pi/50,1,1.0,True
Z50,100,98pi/50,1,1.0,True
Z51,102,0,1,103.0,False
Z51,102,2pi/51,1,1.0,True
Z51,102,4pi/51,1,1.0,True
Z51,102,6pi/51,1,1.0,True
Z51,102,8pi/51,1,1.0,True
Z51,102,10pi/51,1,1.0,True
Z51,102,12pi/51,1,1.0,True
Z51,102,14pi/51,1,1.0,True
Z51,102,16pi/51,1,1.0,True
Z51,102,18pi/51,1,1.0,True
Z51,102,20pi/51,1,1.0,True
Z51,102,22pi/51,1,1.0,True
Z51,102,24pi/51,1,1.0,True
Z51,102,26pi/51,1,1.0,True
Z51,102,28pi/51,1,1.0,True
Z51,102,30pi/51,1,1.0,True
Z51,102,32pi/51,1,1.0,True
Z51,102,34pi/51,1,1.0,True
Z51,102,36pi/51,1,1.0,True
Z51,102,38pi/51,1,1.0,True
Z51,102,40pi/51,1,1.0,True
Z51,102,42pi/51,1,1.0,True
Z51,102,44pi/51,1,1.0,True
Z51,102,46pi/51,1,1.0,True
Z51,102,48pi/51,1,1.0,True
Z51,102,50pi/51,1,1.0,True
Z51,102,52pi/51,1,1.0,True
Z51,102,54pi/51,1,1.0,True
Z51,102,56pi/51,1,1.0,True
Z51,102,58pi/51,1,1.0,True
Z51,102,60pi/51,1,1.0,True
Z51,102,62pi/51,1,1.0,True
Z51,102,64pi/51,1,1.0,True
Z51,102,66pi/51,1,1.0,True
Z51,102,68pi/51,1,1.0,True
Z51,102,70pi/51,1,1.0,True
Z51,102,72pi/51,1,1.0,True
Z51,102,74pi/51,1,1.0,True
Z51,102,76pi/51,1,1.0,True
Z51,102,78pi/51,1,1.0,True
Z51,102,80pi/51,1,1.0,True
Z51,102,82pi/51,1,1.0,True
Z51,102,84pi/51,1,1.0,True
Z51,102,86pi/51,1,1.0,True
Z51,102,88pi/51,1,1.0,True
Z51,102,90pi/51,1,1.0,True
Z51,102,92pi/51,1,1.0,True
Z51,102,94pi/51,1,1.0,True
Z51,102,96pi/51,1,1.0,True
Z51,102,98pi/51,1,1.0,True
Z51,102,100pi/51,1,1.0,True
Z52,104,0,1,105.0,False
Z52,104,2pi/52,1,1.0,True
Z52,104,4pi/52,1,1.0,True
Z52,104,6pi/52,1,1.0,True
Z52,104,8pi/52,1,1.0,True
Z52,104,10pi/52,1,1.0,True
Z52,104,12pi/52,1,1.0,True
Z52,104,14pi/52,1,1.0,True
Z52,104,16pi/52,1,1.0,True
Z52,104,18pi/52,1,1.0,True
Z52,104,20pi/52,1,1.0,True
Z52,104,22pi/52,1,1.0,True
Z52,104,24pi/52,1,1.0,True
Z52,104,26pi/52,1,1.0,True
Z52,104,28pi/52,1,1.0,True
Z52,104,30pi/52,1,1.0,True
Z52,104,32pi/52,1,1.0,True
Z52,104,34pi/52,1,1.0,True
Z52,104,36pi/52,1,1.0,True
Z52,104,38pi/52,1,1.0,True
Z52,104,40pi/52,1,1.0,True
Z52,104,42pi/52,1,1.0,True
Z52,104,44pi/52,1,1.0,True
Z52,104,46pi/52,1,1.0,True
Z52,104,48pi/52,1,1.0,True
Z52,104,50pi/52,1,1.0,True
Z52,104,pi,1,105.0,False
Z52,104,54pi/52,1,1.0,True
Z52,104,56pi/52,1,1.0,True
Z52,104,58pi/52,1,1.0,True
Z52,104,60pi/52,1,1.0,True
Z52,104,62pi/52,1,1.0,True
Z52,104,64pi/52,1,1.0,True
Z52,104,66pi/52,1,1.0,True
Z52,104,68pi/52,1,1.0,True
Z52,104,70pi/52,1,1.0,True
Z52,104,72pi/52,1,1.0,True
Z52,104,74pi/52,1,1.0,True
Z52,104,76pi/52,1,1.0,True
Z52,104,78pi/52,1,1.0,True
Z52,104,80pi/52,1,1.0,True
Z52,104,82pi/52,1,1.0,True
Z52,104,84pi/52,1,1.0,True
Z52,104,86pi/52,1,1.0,True
Z52,104,88pi/52,1,1.0,True
Z52,104,90pi/52,1,1.0,True
Z52,104,92pi/52,1,1.0,True
Z52,104,94pi/52,1,1.0,True
Z52,104,96pi/52,1,1.0,True
Z52,104,98pi/52,1,1.0,True
Z52,104,100pi/52,1,1.0,True
Z52,104,102pi/52,1,1.0,True
Z53,106,0,1,107.0,False
Z53,106,2pi/53,1,1.0,True
Z53,106,4pi/53,1,1.0,True
Z53,106,6pi/53,1,1.0,True
Z53,106,8pi/53,1,1.0,True
Z53,106,10pi/53,1,1.0,True
Z53,106,12pi/53,1,1.0,True
Z53,106,14pi/53,1,1.0,True
Z53,106,16pi/53,1,1.0,True
Z53,106,18pi/53,1,1.0,True
Z53,106,20pi/53,1,1.0,True
Z53,106,22pi/53,1,1.0,True
Z53,106,24pi/53,1,1.0,True
Z53,106,26pi/53,1,1.0,True
Z53,106,28pi/53,1,1.0,True
Z53,106,30pi/53,1,1.0,True
Z53,106,32pi/53,1,1.0,True
Z53,106,34pi/53,1,1.0,True
Z53,106,36pi/53,1,1.0,True
Z53,106,38pi/53,1,1.0,True
Z53,106,40pi/53,1,1.0,True
Z53,106,42pi/53,1,1.0,True
Z53,106,44pi/53,1,1.0,True
Z53,106,46pi/53,1,1.0,True
Z53,106,48pi/53,1,1.0,True
Z53,106,50pi/53,1,1.0,True
Z53,106,52pi/53,1,1.0,True
Z53,106,54pi/53,1,1.0,True
Z53,106,56pi/53,1,1.0,True
Z53,106,58pi/53,1,1.0,True
Z53,106,60pi/53,1,1.0,True
Z53,106,62pi/53,1,1.0,True
Z53,106,64pi/53,1,1.0,True
Z53,106,66pi/53,1,1.0,True
Z53,106,68pi/53,1,1.0,True
Z53,106,70pi/53,1,1.0,True
Z53,106,72pi/53,1,1.0,True
Z53,106,74pi/53,1,1.0,True
Z53,106,76pi/53,1,1.0,True
Z53,106,78pi/53,1,1.0,True
Z53,106,80pi/53,1,1.0,True
Z53,106,82pi/53,1,1.0,True
Z53,106,84pi/53,1,1.0,True
Z53,106,86pi/53,1,1.0,True
Z53,106,88pi/53,1,1.0,True
Z53,106,90pi/53,1,1.0,True
Z53,106,92pi/53,1,1.0,True
Z53,106,94pi/53,1,1.0,True
Z53,106,96pi/53,1,1.0,True
Z53,106,98pi/53,1,1.0,True
Z53,106,100pi/53,1,1.0,True
Z53,106,102pi/53,1,1.0,True
Z53,106,104pi/53,1,1.0,True
Z54,108,0,1,109.0,False
Z54,108,2pi/54,1,1.0,True
Z54,108,4pi/54,1,1.0,True
Z54,108,6pi/54,1,1.0,True
Z54,108,8pi/54,1,1.0,True
Z54,108,10pi/54,1,1.0,True
Z54,108,12pi/54,1,1.0,True
Z54,108,14pi/54,1,1.0,True
Z54,108,16pi/54,1,1.0,True
Z54,108,18pi/54,1,1.0,True
Z54,108,20pi/54,1,1.0,True
Z54,108,22pi/54,1,1.0,True
Z54,108,24pi/54,1,1.0,True
Z54,108,26pi/54,1,1.0,True
Z54,108,28pi/54,1,1.0,True
Z54,108,30pi/54,1,1.0,True
Z54,108,32pi/54,1,1.0,True
Z54,108,34pi/54,1,1.0,True
Z54,108,36pi/54,1,1.0,True
Z54,108,38pi/54,1,1.0,True
Z54,108,40pi/54,1,1.0,True
Z54,108,42pi/54,1,1.0,True
Z54,108,44pi/54,1,1.0,True
Z54,108,46pi/54,1,1.0,True
Z54,108,48pi/54,1,1.0,True
Z54,108,50pi/54,1,1.0,True
Z54,108,52pi/54,1,1.0,True
Z54,108,pi,1,109.0,False
Z54,108,56pi/54,1,1.0,True
Z54,108,58pi/54,1,1.0,True
Z54,108,60pi/54,1,1.0,True
Z54,108,62pi/54,1,1.0,True
Z54,108,64pi/54,1,1.0,True
Z54,108,66pi/54,1,1.0,True
Z54,108,68pi/54,1,1.0,True
Z54,108,70pi/54,1,1.0,True
Z54,108,72pi/54,1,1.0,True
Z54,108,74pi/54,1,1.0,True
Z54,108,76pi/54,1,1.0,True
Z54,108,78pi/54,1,1.0,True
Z54,108,80pi/54,1,1.0,True
Z54,108,82pi/54,1,1.0,True
Z54,108,84pi/54,1,1.0,True
Z54,108,86pi/54,1,1.0,True
Z54,108,88pi/54,1,1.0,True
Z54,108,90pi/54,1,1.0,True
Z54,108,92pi/54,1,1.0,True
Z54,108,94pi/54,1,1.0,True
Z54,108,96pi/54,1,1.0,True
Z54,108,98pi/54,1,1.0,True
Z54,108,100pi/54,1,1.0,True
Z54,108,102pi/54,1,1.0,True
Z54,108,104pi/54,1,1.0,True
Z54,108,106pi/54,1,1.0,True
Z55,110,0,1,111.0,False
Z55,110,2pi/55,1,1.0,True
Z55,110,4pi/55,1,1.0,True
Z55,110,6pi/55,1,1.0,True
Z55,110,8pi/55,1,1.0,True
Z55,110,10pi/55,1,1.0,True
Z55,110,12pi/55,1,1.0,True
Z55,110,14pi/55,1,1.0,True
Z55,110,16pi/55,1,1.0,True
Z55,110,18pi/55,1,1.0,True
Z55,110,20pi/55,1,1.0,True
Z55,110,22pi/55,1,1.0,True
Z55,110,24pi/55,1,1.0,True
Z55,110,26pi/55,1,1.0,True
Z55,110,28pi/55,1,1.0,True
Z55,110,30pi/55,1,1.0,True
Z55,110,32pi/55,1,1.0,True
Z55,110,34pi/55,1,1.0,True
Z55,110,36pi/55,1,1.0,True
Z55,110,38pi/55,1,1.0,True
Z55,110,40pi/55,1,1.0,True
Z55,110,42pi/55,1,1.0,True
Z55,110,44pi/55,1,1.0,True
Z55,110,46pi/55,1,1.0,True
Z55,110,48pi/55,1,1.0,True
Z55,110,50pi/55,1,1.0,True
Z55,110,52pi/55,1,1.0,True
Z55,110,54pi/55,1,1.0,True
Z55,110,56pi/55,1,1.0,True
Z55,110,58pi/55,1,1.0,True
Z55,110,60pi/55,1,1.0,True
Z55,110,62pi/55,1,1.0,True
Z55,110,64pi/55,1,1.0,True
Z55,110,66pi/55,1,1.0,True
Z55,110,68pi/55,1,1.0,True
Z55,110,70pi/55,1,1.0,True
Z55,110,72pi/55,1,1.0,True
Z55,110,74pi/55,1,1.0,True
Z55,110,76pi/55,1,1.0,True
Z55,110,78pi/55,1,1.0,True
Z55,110,80pi/55,1,1.0,True
Z55,110,82pi/55,1,1.0,True
Z55,110,84pi/55,1,1.0,True
Z55,110,86pi/55,1,1.0,True
Z55,110,88pi/55,1,1.0,True
Z55,110,90pi/55,1,1.0,True
Z55,110,92pi/55,1,1.0,True
Z55,110,94pi/55,1,1.0,True
Z55,110,96pi/55,1,1.0,True
Z55,110,98pi/55,1,1.0,True
Z55,110,100pi/55,1,1.0,True
Z55,110,102pi/55,1,1.0,True
Z55,110,104pi/55,1,1.0,True
Z55,110,106pi/55,1,1.0,True
Z55,110,108pi/55,1,1.0,True
Z56,112,0,1,113.0,False
Z56,112,2pi/56,1,1.0,True
Z56,112,4pi/56,1,1.0,True
Z56,112,6pi/56,1,1.0,True
Z56,112,8pi/56,1,1.0,True
Z56,112,10pi/56,1,1.0,True
Z56,112,12pi/56,1,1.0,True
Z56,112,14pi/56,1,1.0,True
Z56,112,16pi/56,1,1.0,True
Z56,112,18pi/56,1,1.0,True
Z56,112,20pi/56,1,1.0,True
Z56,112,22pi/56,1,1.0,True
Z56,112,24pi/56,1,1.0,True
Z56,112,26pi/56,1,1.0,True
Z56,112,28pi/56,1,1.0,True
Z56,112,30pi/56,1,1.0,True
Z56,112,32pi/56,1,1.0,True
Z56,112,34pi/56,1,1.0,True
Z56,112,36pi/56,1,1.0,True
Z56,112,38pi/56,1,1.0,True
Z56,112,40pi/56,1,1.0,True
Z56,112,42pi/56,1,1.0,True
Z56,112,44pi/56,1,1.0,True
Z56,112,46pi/56,1,1.0,True
Z56,112,48pi/56,1,1.0,True
Z56,112,50pi/56,1,1.0,True
Z56,112,52pi/56,1,1.0,True
Z56,112,54pi/56,1,1.0,True
Z56,112,pi,1,113.0,False
Z56,112,58pi/56,1,1.0,True
Z56,112,60pi/56,1,1.0,True
Z56,112,62pi/56,1,1.0,True
Z56,112,64pi/56,1,1.0,True
Z56,112,66pi/56,1,1.0,True
Z56,112,68pi/56,1,1.0,True
Z56,112,70pi/56,1,1.0,True
Z56,112,72pi/56,1,1.0,True
Z56,112,74pi/56,1,1.0,True
Z56,112,76pi/56,1,1.0,True
Z56,112,78pi/56,1,1.0,True
Z56,112,80pi/56,1,1.0,True
Z56,112,82pi/56,1,1.0,True
Z56,112,84pi/56,1,1.0,True
Z56,112,86pi/56,1,1.0,True
Z56,112,88pi/56,1,1.0,True
Z56,112,90pi/56,1,1.0,True
Z56,112,92pi/56,1,1.0,True
Z56,112,94pi/56,1,1.0,True
Z56,112,96pi/56,1,1.0,True
Z56,112,98pi/56,1,1.0,True
Z56,112,100pi/56,1,1.0,True
Z56,112,102pi/56,1,1.0,True
Z56,112,104pi/56,1,1.0,True
Z56,112,106pi/56,1,1.0,True
Z56,112,108pi/56,1,1.0,True
Z56,112,110pi/56,1,1.0,True
Z57,114,0,1,115.0,False
Z57,114,2pi/57,1,1.0,True
Z57,114,4pi/57,1,1.0,True
Z57,114,6pi/57,1,1.0,True
Z57,114,8pi/57,1,1.0,True
Z57,114,10pi/57,1,1.0,True
Z57,114,12pi/57,1,1.0,True
Z57,114,14pi/57,1,1.0,True
Z57,114,16pi/57,1,1.0,True
Z57,114,18pi/57,1,1.0,True
Z57,114,20pi/57,1,1.0,True
Z57,114,22pi/57,1,1.0,True
Z57,114,24pi/57,1,1.0,True
Z57,114,26pi/57,1,1.0,True
Z57,114,28pi/57,1,1.0,True
Z57,114,30pi/57,1,1.0,True
Z57,114,32pi/57,1,1.0,True
Z57,114,34pi/57,1,1.0,True
Z57,114,36pi/57,1,1.0,True
Z57,114,38pi/57,1,1.0,True
Z57,114,40pi/57,1,1.0,True
Z57,114,42pi/57,1,1.0,True
Z57,114,44pi/57,1,1.0,True
Z57,114,46pi/57,1,1.0,True
Z57,114,48pi/57,1,1.0,True
Z57,114,50pi/57,1,1.0,True
Z57,114,52pi/57,1,1.0,True
Z57,114,54pi/57,1,1.0,True
Z57,114,56pi/57,1,1.0,True
Z57,114,58pi/57,1,1.0,True
Z57,114,60pi/57,1,1.0,True
Z57,114,62pi/57,1,1.0,True
Z57,114,64pi/57,1,1.0,True
Z57,114,66pi/57,1,1.0,True
Z57,114,68pi/57,1,1.0,True
Z57,114,70pi/57,1,1.0,True
Z57,114,72pi/57,1,1.0,True
Z57,114,74pi/57,1,1.0,True
Z57,114,76pi/57,1,1.0,True
Z57,114,78pi/57,1,1.0,True
Z57,114,80pi/57,1,1.0,True
Z57,114,82pi/57,1,1.0,True
Z57,114,84pi/57,1,1.0,True
Z57,114,86pi/57,1,1.0,True
Z57,114,88pi/57,1,1.0,True
Z57,114,90pi/57,1,1.0,True
Z57,114,92pi/57,1,1.0,True
Z57,114,94pi/57,1,1.0,True
Z57,114,96pi/57,1,1.0,True
Z57,114,98pi/57,1,1.0,True
Z57,114,100pi/57,1,1.0,True
Z57,114,102pi/57,1,1.0,True
Z57,114,104pi/57,1,1.0,True
Z57,114,106pi/57,1,1.0,True
Z57,114,108pi/57,1,1.0,True
Z57,114,110pi/57,1,1.0,True
Z57,114,112pi/57,1,1.0,True
Z58,116,0,1,117.0,False
Z58,116,2pi/58,1,1.0,True
Z58,116,4pi/58,1,1.0,True
Z58,116,6pi/58,1,1.0,True
Z58,116,8pi/58,1,1.0,True
Z58,116,10pi/58,1,1.0,True
Z58,116,12pi/58,1,1.0,True
Z58,116,14pi/58,1,1.0,True
Z58,116,16pi/58,1,1.0,True
Z58,116,18pi/58,1,1.0,True
Z58,116,20pi/58,1,1.0,True
Z58,116,22pi/58,1,1.0,True
Z58,116,24pi/58,1,1.0,True
Z58,116,26pi/58,1,1.0,True
Z58,116,28pi/58,1,1.0,True
Z58,116,30pi/58,1,1.0,True
Z58,116,32pi/58,1,1.0,True
Z58,116,34pi/58,1,1.0,True
Z58,116,36pi/58,1,1.0,True
Z58,116,38pi/58,1,1.0,True
Z58,116,40pi/58,1,1.0,True
Z58,116,42pi/58,1,1.0,True
Z58,116,44pi/58,1,1.0,True
Z58,116,46pi/58,1,1.0,True
Z58,116,48pi/58,1,1.0,True
Z58,116,50pi/58,1,1.0,True
Z58,116,52pi/58,1,1.0,True
Z58,116,54pi/58,1,1.0,True
Z58,116,56pi/58,1,1.0,True
Z58,116,pi,1,117.0,False
Z58,116,60pi/58,1,1.0,True
Z58,116,62pi/58,1,1.0,True
Z58,116,64pi/58,1,1.0,True
Z58,116,66pi/58,1,1.0,True
Z58,116,68pi/58,1,1.0,True
Z58,116,70pi/58,1,1.0,True
Z58,116,72pi/58,1,1.0,True
Z58,116,74pi/58,1,1.0,True
Z58,116,76pi/58,1,1.0,True
Z58,116,78pi/58,1,1.0,True
Z58,116,80pi/58,1,1.0,True
Z58,116,82pi/58,1,1.0,True
Z58,116,84pi/58,1,1.0,True
Z58,116,86pi/58,1,1.0,True
Z58,116,88pi/58,1,1.0,True
Z58,116,90pi/58,1,1.0,True
Z58,116,92pi/58,1,1.0,True
Z58,116,94pi/58,1,1.0,True
Z58,116,96pi/58,1,1.0,True
Z58,116,98pi/58,1,1.0,True
Z58,116,100pi/58,1,1.0,True
Z58,116,102pi/58,1,1.0,True
Z58,116,104pi/58,1,1.0,True
Z58,116,106pi/58,1,1.0,True
Z58,116,108pi/58,1,1.0,True
Z58,116,110pi/58,1,1.0,True
Z58,116,112pi/58,1,1.0,True
Z58,116,114pi/58,1,1.0,True
Z59,118,0,1,119.0,False
Z59,118,2pi/59,1,1.0,True
Z59,118,4pi/59,1,1.0,True
Z59,118,6pi/59,1,1.0,True
Z59,118,8pi/59,1,1.0,True
Z59,118,10pi/59,1,1.0,True
Z59,118,12pi/59,1,1.0,True
Z59,118,14pi/59,1,1.0,True
Z59,118,16pi/59,1,1.0,True
Z59,118,18pi/59,1,1.0,True
Z59,118,20pi/59,1,1.0,True
Z59,118,22pi/59,1,1.0,True
Z59,118,24pi/59,1,1.0,True
Z59,118,26pi/59,1,1.0,True
Z59,118,28pi/59,1,1.0,True
Z59,118,30pi/59,1,1.0,True
Z59,118,32pi/59,1,1.0,True
Z59,118,34pi/59,1,1.0,True
Z59,118,36pi/59,1,1.0,True
Z59,118,38pi/59,1,1.0,True
Z59,118,40pi/59,1,1.0,True
Z59,118,42pi/59,1,1.0,True
Z59,118,44pi/59,1,1.0,True
Z59,118,46pi/59,1,1.0,True
Z59,118,48pi/59,1,1.0,True
Z59,118,50pi/59,1,1.0,True
Z59,118,52pi/59,1,1.0,True
Z59,118,54pi/59,1,1.0,True
Z59,118,56pi/59,1,1.0,True
Z59,118,58pi/59,1,1.0,True
Z59,118,60pi/59,1,1.0,True
Z59,118,62pi/59,1,1.0,True
Z59,118,64pi/59,1,1.0,True
Z59,118,66pi/59,1,1.0,True
Z59,118,68pi/59,1,1.0,True
Z59,118,70pi/59,1,1.0,True
Z59,118,72pi/59,1,1.0,True
Z59,118,74pi/59,1,1.0,True
Z59,118,76pi/59,1,1.0,True
Z59,118,78pi/59,1,1.0,True
Z59,118,80pi/59,1,1.0,True
Z59,118,82pi/59,1,1.0,True
Z59,118,84pi/59,1,1.0,True
Z59,118,86pi/59,1,1.0,True
Z59,118,88pi/59,1,1.0,True
Z59,118,90pi/59,1,1.0,True
Z59,118,92pi/59,1,1.0,True
Z59,118,94pi/59,1,1.0,True
Z59,118,96pi/59,1,1.0,True
Z59,118,98pi/59,1,1.0,True
Z59,118,100pi/59,1,1.0,True
Z59,118,102pi/59,1,1.0,True
Z59,118,104pi/59,1,1.0,True
Z59,118,106pi/59,1,1.0,True
Z59,118,108pi/59,1,1.0,True
Z59,118,110pi/59,1,1.0,True
Z59,118,112pi/59,1,1.0,True
Z59,118,114pi/59,1,1.0,True
Z59,118,116pi/59,1,1.0,True
Z60,120,0,1,121.0,False
Z60,120,2pi/60,1,1.0,True
Z60,120,4pi/60,1,1.0,True
Z60,120,6pi/60,1,1.0,True
Z60,120,8pi/60,1,1.0,True
Z60,120,10pi/60,1,1.0,True
Z60,120,12pi/60,1,1.0,True
Z60,120,14pi/60,1,1.0,True
Z60,120,16pi/60,1,1.0,True
Z60,120,18pi/60,1,1.0,True
Z60,120,20pi/60,1,1.0,True
Z60,120,22pi/60,1,1.0,True
Z60,120,24pi/60,1,1.0,True
Z60,120,26pi/60,1,1.0,True
Z60,120,28pi/60,1,1.0,True
Z60,120,30pi/60,1,1.0,True
Z60,120,32pi/60,1,1.0,True
Z60,120,34pi/60,1,1.0,True
Z60,120,36pi/60,1,1.0,True
Z60,120,38pi/60,1,1.0,True
Z60,120,40pi/60,1,1.0,True
Z60,120,42pi/60,1,1.0,True
Z60,120,44pi/60,1,1.0,True
Z60,120,46pi/60,1,1.0,True
Z60,120,48pi/60,1,1.0,True
Z60,120,50pi/60,1,1.0,True
Z60,120,52pi/60,1,1.0,True
Z60,120,54pi/60,1,1.0,True
Z60,120,56pi/60,1,1.0,True
Z60,120,58pi/60,1,1.0,True
Z60,120,pi,1,121.0,False
Z60,120,62pi/60,1,1.0,True
Z60,120,64pi/60,1,1.0,True
Z60,120,66pi/60,1,1.0,True
Z60,120,68pi/60,1,1.0,True
Z60,120,70pi/60,1,1.0,True
Z60,120,72pi/60,1,1.0,True
Z60,120,74pi/60,1,1.0,True
Z60,120,76pi/60,1,1.0,True
Z60,120,78pi/60,1,1.0,True
Z60,120,80pi/60,1,1.0,True
Z60,120,82pi/60,1,1.0,True
Z60,120,84pi/60,1,1.0,True
Z60,120,86pi/60,1,1.0,True
Z60,120,88pi/60,1,1.0,True
Z60,120,90pi/60,1,1.0,True
Z60,120,92pi/60,1,1.0,True
Z60,120,94pi/60,1,1.0,True
Z60,120,96pi/60,1,1.0,True
Z60,120,98pi/60,1,1.0,True
Z60,120,100pi/60,1,1.0,True
Z60,120,102pi/60,1,1.0,True
Z60,120,104pi/60,1,1.0,True
Z60,120,106pi/60,1,1.0,True
Z60,120,108pi/60,1,1.0,True
Z60,120,110pi/60,1,1.0,True
Z60,120,112pi/60,1,1.0,True
Z60,120,114pi/60,1,1.0,True
Z60,120,116pi/60,1,1.0,True
Z60,120,118pi/60,1,1.0,True
2D2,4,0,1,5.0,False
2D2,4,pi,1,5.0,False
2D2,4,1pi/2,2,1.0,True
2D2,4,1pi/2,4,1.0,True
2D3,6,0,1,7.0,False
2D3,6,pi,1,7.0,False
2D3,6,1pi/3,2,1.0,True
2D3,6,2pi/3,2,1.0,True
2D3,6,1pi/2,6,-1.0,False
2D4,8,0,1,9.0,False
2D4,8,pi,1,9.0,False
2D4,8,1pi/4,2,1.0,True
2D4,8,2pi/4,2,1.0,True
2D4,8,3pi/4,2,1.0,True
2D4,8,1pi/2,8,1.0,True
2D5,10,0,1,11.0,False
2D5,10,pi,1,11.0,False
2D5,10,1pi/5,2,1.0,True
2D5,10,2pi/5,2,1.0,True
2D5,10,3pi/5,2,1.0,True
2D5,10,4pi/5,2,1.0,True
2D5,10,1pi/2,10,-1.0,False
2D6,12,0,1,13.0,False
2D6,12,pi,1,13.0,False
2D6,12,1pi/6,2,1.0,True
2D6,12,2pi/6,2,1.0,True
2D6,12,3pi/6,2,1.0,True
2D6,12,4pi/6,2,1.0,True
2D6,12,5pi/6,2,1.0,True
2D6,12,1pi/2,12,1.0,True
2D7,14,0,1,15.0,False
2D7,14,pi,1,15.0,False
2D7,14,1pi/7,2,1.0,True
2D7,14,2pi/7,2,1.0,True
2D7,14,3pi/7,2,1.0,True
2D7,14,4pi/7,2,1.0,True
2D7,14,5pi/7,2,1.0,True
2D7,14,6pi/7,2,1.0,True
2D7,14,1pi/2,14,-1.0,False
2D8,16,0,1,17.0,False
2D8,16,pi,1,17.0,False
2D8,16,1pi/8,2,1.0,True
2D8,16,2pi/8,2,1.0,True
2D8,16,3pi/8,2,1.0,True
2D8,16,4pi/8,2,1.0,True
2D8,16,5pi/8,2,1.0,True
2D8,16,6pi/8,2,1.0,True
2D8,16,7pi/8,2,1.0,True
2D8,16,1pi/2,16,1.0,True
2D9,18,0,1,19.0,False
2D9,18,pi,1,19.0,False
2D9,18,1pi/9,2,1.0,True
2D9,18,2pi/9,2,1.0,True
2D9,18,3pi/9,2,1.0,True
2D9,18,4pi/9,2,1.0,True
2D9,18,5pi/9,2,1.0,True
2D9,18,6pi/9,2,1.0,True
2D9,18,7pi/9,2,1.0,True
2D9,18,8pi/9,2,1.0,True
2D9,18,1pi/2,18,-1.0,False
2D10,20,0,1,21.0,False
2D10,20,pi,1,21.0,False
2D10,20,1pi/10,2,1.0,True
2D10,20,2pi/10,2,1.0,True
2D10,20,3pi/10,2,1.0,True
2D10,20,4pi/10,2,1.0,True
2D10,20,5pi/10,2,1.0,True
2D10,20,6pi/10,2,1.0,True
2D10,20,7pi/10,2,1.0,True
2D10,20,8pi/10,2,1.0,True
2D10,20,9pi/10,2,1.0,True
2D10,20,1pi/2,20,1.0,True
2D11,22,0,1,23.0,False
2D11,22,pi,1,23.0,False
2D11,22,1pi/11,2,1.0,True
2D11,22,2pi/11,2,1.0,True
2D11,22,3pi/11,2,1.0,True
2D11,22,4pi/11,2,1.0,True
2D11,22,5pi/11,2,1.0,True
2D11,22,6pi/11,2,1.0,True
2D11,22,7pi/11,2,1.0,True
2D11,22,8pi/11,2,1.0,True
2D11,22,9pi/11,2,1.0,True
2D11,22,10pi/11,2,1.0,True
2D11,22,1pi/2,22,-1.0,False
2D12,24,0,1,25.0,False
2D12,24,pi,1,25.0,False
2D12,24,1pi/12,2,1.0,True
2D12,24,2pi/12,2,1.0,True
2D12,24,3pi/12,2,1.0,True
2D12,24,4pi/12,2,1.0,True
2D12,24,5pi/12,2,1.0,True
2D12,24,6pi/12,2,1.0,True
2D12,24,7pi/12,2,1.0,True
2D12,24,8pi/12,2,1.0,True
2D12,24,9pi/12,2,1.0,True
2D12,24,10pi/12,2,1.0,True
2D12,24,11pi/12,2,1.0,True
2D12,24,1pi/2,24,1.0,True
2D13,26,0,1,27.0,False
2D13,26,pi,1,27.0,False
2D13,26,1pi/13,2,1.0,True
2D13,26,2pi/13,2,1.0,True
2D13,26,3pi/13,2,1.0,True
2D13,26,4pi/13,2,1.0,True
2D13,26,5pi/13,2,1.0,True
2D13,26,6pi/13,2,1.0,True
2D13,26,7pi/13,2,1.0,True
2D13,26,8pi/13,2,1.0,True
2D13,26,9pi/13,2,1.0,True
2D13,26,10pi/13,2,1.0,True
2D13,26,11pi/13,2,1.0,True
2D13,26,12pi/13,2,1.0,True
2D13,26,1pi/2,26,-1.0,False
2D14,28,0,1,29.0,False
2D14,28,pi,1,29.0,False
2D14,28,1pi/14,2,1.0,True
2D14,28,2pi/14,2,1.0,True
2D14,28,3pi/14,2,1.0,True
2D14,28,4pi/14,2,1.0,True
2D14,28,5pi/14,2,1.0,True
2D14,28,6pi/14,2,1.0,True
2D14,28,7pi/14,2,1.0,True
2D14,28,8pi/14,2,1.0,True
2D14,28,9pi/14,2,1.0,True
2D14,28,10pi/14,2,1.0,True
2D14,28,11pi/14,2,1.0,True
2D14,28,12pi/14,2,1.0,True
2D14,28,13pi/14,2,1.0,True
2D14,28,1pi/2,28,1.0,True
2D15,30,0,1,31.0,False
2D15,30,pi,1,31.0,False
2D15,30,1pi/15,2,1.0,True
2D15,30,2pi/15,2,1.0,True
2D15,30,3pi/15,2,1.0,True
2D15,30,4pi/15,2,1.0,True
2D15,30,5pi/15,2,1.0,True
2D15,30,6pi/15,2,1.0,True
2D15,30,7pi/15,2,1.0,True
2D15,30,8pi/15,2,1.0,True
2D15,30,9pi/15,2,1.0,True
2D15,30,10pi/15,2,1.0,True
2D15,30,11pi/15,2,1.0,True
2D15,30,12pi/15,2,1.0,True
2D15,30,13pi/15,2,1.0,True
2D15,30,14pi/15,2,1.0,True
2D15,30,1pi/2,30,-1.0,False
2D16,32,0,1,33.0,False
2D16,32,pi,1,33.0,False
2D16,32,1pi/16,2,1.0,True
2D16,32,2pi/16,2,1.0,True
2D16,32,3pi/16,2,1.0,True
2D16,32,4pi/16,2,1.0,True
2D16,32,5pi/16,2,1.0,True
2D16,32,6pi/16,2,1.0,True
2D16,32,7pi/16,2,1.0,True
2D16,32,8pi/16,2,1.0,True
2D16,32,9pi/16,2,1.0,True
2D16,32,10pi/16,2,1.0,True
2D16,32,11pi/16,2,1.0,True
2D16,32,12pi/16,2,1.0,True
2D16,32,13pi/16,2,1.0,True
2D16,32,14pi/16,2,1.0,True
2D16,32,15pi/16,2,1.0,True
2D16,32,1pi/2,32,1.0,True
2D17,34,0,1,35.0,False
2D17,34,pi,1,35.0,False
2D17,34,1pi/17,2,1.0,True
2D17,34,2pi/17,2,1.0,True
2D17,34,3pi/17,2,1.0,True
2D17,34,4pi/17,2,1.0,True
2D17,34,5pi/17,2,1.0,True
2D17,34,6pi/17,2,1.0,True
2D17,34,7pi/17,2,1.0,True
2D17,34,8pi/17,2,1.0,True
2D17,34,9pi/17,2,1.0,True
2D17,34,10pi/17,2,1.0,True
2D17,34,11pi/17,2,1.0,True
2D17,34,12pi/17,2,1.0,True
2D17,34,13pi/17,2,1.0,True
2D17,34,14pi/17,2,1.0,True
2D17,34,15pi/17,2,1.0,True
2D17,34,16pi/17,2,1.0,True
2D17,34,1pi/2,34,-1.0,False
2D18,36,0,1,37.0,False
2D18,36,pi,1,37.0,False
2D18,36,1pi/18,2,1.0,True
2D18,36,2pi/18,2,1.0,True
2D18,36,3pi/18,2,1.0,True
2D18,36,4pi/18,2,1.0,True
2D18,36,5pi/18,2,1.0,True
2D18,36,6pi/18,2,1.0,True
2D18,36,7pi/18,2,1.0,True
2D18,36,8pi/18,2,1.0,True
2D18,36,9pi/18,2,1.0,True
2D18,36,10pi/18,2,1.0,True
2D18,36,11pi/18,2,1.0,True
2D18,36,12pi/18,2,1.0,True
2D18,36,13pi/18,2,1.0,True
2D18,36,14pi/18,2,1.0,True
2D18,36,15pi/18,2,1.0,True
2D18,36,16pi/18,2,1.0,True
2D18,36,17pi/18,2,1.0,True
2D18,36,1pi/2,36,1.0,True
2D19,38,0,1,39.0,False
2D19,38,pi,1,39.0,False
2D19,38,1pi/19,2,1.0,True
2D19,38,2pi/19,2,1.0,True
2D19,38,3pi/19,2,1.0,True
2D19,38,4pi/19,2,1.0,True
2D19,38,5pi/19,2,1.0,True
2D19,38,6pi/19,2,1.0,True
2D19,38,7pi/19,2,1.0,True
2D19,38,8pi/19,2,1.0,True
2D19,38,9pi/19,2,1.0,True
2D19,38,10pi/19,2,1.0,True
2D19,38,11pi/19,2,1.0,True
2D19,38,12pi/19,2,1.0,True
2D19,38,13pi/19,2,1.0,True
2D19,38,14pi/19,2,1.0,True
2D19,38,15pi/19,2,1.0,True
2D19,38,16pi/19,2,1.0,True
2D19,38,17pi/19,2,1.0,True
2D19,38,18pi/19,2,1.0,True
2D19,38,1pi/2,38,-1.0,False
2D20,40,0,1,41.0,False
2D20,40,pi,1,41.0,False
2D20,40,1pi/20,2,1.0,True
2D20,40,2pi/20,2,1.0,True
2D20,40,3pi/20,2,1.0,True
2D20,40,4pi/20,2,1.0,True
2D20,40,5pi/20,2,1.0,True
2D20,40,6pi/20,2,1.0,True
2D20,40,7pi/20,2,1.0,True
2D20,40,8pi/20,2,1.0,True
2D20,40,9pi/20,2,1.0,True
2D20,40,10pi/20,2,1.0,True
2D20,40,11pi/20,2,1.0,True
2D20,40,12pi/20,2,1.0,True
2D20,40,13pi/20,2,1.0,True
2D20,40,14pi/20,2,1.0,True
2D20,40,15pi/20,2,1.0,True
2D20,40,16pi/20,2,1.0,True
2D20,40,17pi/20,2,1.0,True
2D20,40,18pi/20,2,1.0,True
2D20,40,19pi/20,2,1.0,True
2D20,40,1pi/2,40,1.0,True
2D21,42,0,1,43.0,False
2D21,42,pi,1,43.0,False
2D21,42,1pi/21,2,1.0,True
2D21,42,2pi/21,2,1.0,True
2D21,42,3pi/21,2,1.0,True
2D21,42,4pi/21,2,1.0,True
2D21,42,5pi/21,2,1.0,True
2D21,42,6pi/21,2,1.0,True
2D21,42,7pi/21,2,1.0,True
2D21,42,8pi/21,2,1.0,True
2D21,42,9pi/21,2,1.0,True
2D21,42,10pi/21,2,1.0,True
2D21,42,11pi/21,2,1.0,True
2D21,42,12pi/21,2,1.0,True
2D21,42,13pi/21,2,1.0,True
2D21,42,14pi/21,2,1.0,True
2D21,42,15pi/21,2,1.0,True
2D21,42,16pi/21,2,1.0,True
2D21,42,17pi/21,2,1.0,True
2D21,42,18pi/21,2,1.0,True
2D21,42,19pi/21,2,1.0,True
2D21,42,20pi/21,2,1.0,True
2D21,42,1pi/2,42,-1.0,False
2D22,44,0,1,45.0,False
2D22,44,pi,1,45.0,False
2D22,44,1pi/22,2,1.0,True
2D22,44,2pi/22,2,1.0,True
2D22,44,3pi/22,2,1.0,True
2D22,44,4pi/22,2,1.0,True
2D22,44,5pi/22,2,1.0,True
2D22,44,6pi/22,2,1.0,True
2D22,44,7pi/22,2,1.0,True
2D22,44,8pi/22,2,1.0,True
2D22,44,9pi/22,2,1.0,True
2D22,44,10pi/22,2,1.0,True
2D22,44,11pi/22,2,1.0,True
2D22,44,12pi/22,2,1.0,True
2D22,44,13pi/22,2,1.0,True
2D22,44,14pi/22,2,1.0,True
2D22,44,15pi/22,2,1.0,True
2D22,44,16pi/22,2,1.0,True
2D22,44,17pi/22,2,1.0,True
2D22,44,18pi/22,2,1.0,True
2D22,44,19pi/22,2,1.0,True
2D22,44,20pi/22,2,1.0,True
2D22,44,21pi/22,2,1.0,True
2D22,44,1pi/2,44,1.0,True
2D23,46,0,1,47.0,False
2D23,46,pi,1,47.0,False
2D23,46,1pi/23,2,1.0,True
2D23,46,2pi/23,2,1.0,True
2D23,46,3pi/23,2,1.0,True
2D23,46,4pi/23,2,1.0,True
2D23,46,5pi/23,2,1.0,True
2D23,46,6pi/23,2,1.0,True
2D23,46,7pi/23,2,1.0,True
2D23,46,8pi/23,2,1.0,True
2D23,46,9pi/23,2,1.0,True
2D23,46,10pi/23,2,1.0,True
2D23,46,11pi/23,2,1.0,True
2D23,46,12pi/23,2,1.0,True
2D23,46,13pi/23,2,1.0,True
2D23,46,14pi/23,2,1.0,True
2D23,46,15pi/23,2,1.0,True
2D23,46,16pi/23,2,1.0,True
2D23,46,17pi/23,2,1.0,True
2D23,46,18pi/23,2,1.0,True
2D23,46,19pi/23,2,1.0,True
2D23,46,20pi/23,2,1.0,True
2D23,46,21pi/23,2,1.0,True
2D23,46,22pi/23,2,1.0,True
2D23,46,1pi/2,46,-1.0,False
2D24,48,0,1,49.0,False
2D24,48,pi,1,49.0,False
2D24,48,1pi/24,2,1.0,True
2D24,48,2pi/24,2,1.0,True
2D24,48,3pi/24,2,1.0,True
2D24,48,4pi/24,2,1.0,True
2D24,48,5pi/24,2,1.0,True
2D24,48,6pi/24,2,1.0,True
2D24,48,7pi/24,2,1.0,True
2D24,48,8pi/24,2,1.0,True
2D24,48,9pi/24,2,1.0,True
2D24,48,10pi/24,2,1.0,True
2D24,48,11pi/24,2,1.0,True
2D24,48,12pi/24,2,1.0,True
2D24,48,13pi/24,2,1.0,True
2D24,48,14pi/24,2,1.0,True
2D24,48,15pi/24,2,1.0,True
2D24,48,16pi/24,2,1.0,True
2D24,48,17pi/24,2,1.0,True
2D24,48,18pi/24,2,1.0,True
2D24,48,19pi/24,2,1.0,True
2D24,48,20pi/24,2,1.0,True
2D24,48,21pi/24,2,1.0,True
2D24,48,22pi/24,2,1.0,True
2D24,48,23pi/24,2,1.0,True
2D24,48,1pi/2,48,1.0,True
2D25,50,0,1,51.0,False
2D25,50,pi,1,51.0,False
2D25,50,1pi/25,2,1.0,True
2D25,50,2pi/25,2,1.0,True
2D25,50,3pi/25,2,1.0,True
2D25,50,4pi/25,2,1.0,True
2D25,50,5pi/25,2,1.0,True
2D25,50,6pi/25,2,1.0,True
2D25,50,7pi/25,2,1.0,True
2D25,50,8pi/25,2,1.0,True
2D25,50,9pi/25,2,1.0,True
2D25,50,10pi/25,2,1.0,True
2D25,50,11pi/25,2,1.0,True
2D25,50,12pi/25,2,1.0,True
2D25,50,13pi/25,2,1.0,True
2D25,50,14pi/25,2,1.0,True
2D25,50,15pi/25,2,1.0,True
2D25,50,16pi/25,2,1.0,True
2D25,50,17pi/25,2,1.0,True
2D25,50,18pi/25,2,1.0,True
2D25,50,19pi/25,2,1.0,True
2D25,50,20pi/25,2,1.0,True
2D25,50,21pi/25,2,1.0,True
2D25,50,22pi/25,2,1.0,True
2D25,50,23pi/25,2,1.0,True
2D25,50,24pi/25,2,1.0,True
2D25,50,1pi/2,50,-1.0,False
2D26,52,0,1,53.0,False
2D26,52,pi,1,53.0,False
2D26,52,1pi/26,2,1.0,True
2D26,52,2pi/26,2,1.0,True
2D26,52,3pi/26,2,1.0,True
2D26,52,4pi/26,2,1.0,True
2D26,52,5pi/26,2,1.0,True
2D26,52,6pi/26,2,1.0,True
2D26,52,7pi/26,2,1.0,True
2D26,52,8pi/26,2,1.0,True
2D26,52,9pi/26,2,1.0,True
2D26,52,10pi/26,2,1.0,True
2D26,52,11pi/26,2,1.0,True
2D26,52,12pi/26,2,1.0,True
2D26,52,13pi/26,2,1.0,True
2D26,52,14pi/26,2,1.0,True
2D26,52,15pi/26,2,1.0,True
2D26,52,16pi/26,2,1.0,True
2D26,52,17pi/26,2,1.0,True
2D26,52,18pi/26,2,1.0,True
2D26,52,19pi/26,2,1.0,True
2D26,52,20pi/26,2,1.0,True
2D26,52,21pi/26,2,1.0,True
2D26,52,22pi/26,2,1.0,True
2D26,52,23pi/26,2,1.0,True
2D26,52,24pi/26,2,1.0,True
2D26,52,25pi/26,2,1.0,True
2D26,52,1pi/2,52,1.0,True
2D27,54,0,1,55.0,False
2D27,54,pi,1,55.0,False
2D27,54,1pi/27,2,1.0,True
2D27,54,2pi/27,2,1.0,True
2D27,54,3pi/27,2,1.0,True
2D27,54,4pi/27,2,1.0,True
2D27,54,5pi/27,2,1.0,True
2D27,54,6pi/27,2,1.0,True
2D27,54,7pi/27,2,1.0,True
2D27,54,8pi/27,2,1.0,True
2D27,54,9pi/27,2,1.0,True
2D27,54,10pi/27,2,1.0,True
2D27,54,11pi/27,2,1.0,True
2D27,54,12pi/27,2,1.0,True
2D27,54,13pi/27,2,1.0,True
2D27,54,14pi/27,2,1.0,True
2D27,54,15pi/27,2,1.0,True
2D27,54,16pi/27,2,1.0,True
2D27,54,17pi/27,2,1.0,True
2D27,54,18pi/27,2,1.0,True
2D27,54,19pi/27,2,1.0,True
2D27,54,20pi/27,2,1.0,True
2D27,54,21pi/27,2,1.0,True
2D27,54,22pi/27,2,1.0,True
2D27,54,23pi/27,2,1.0,True
2D27,54,24pi/27,2,1.0,True
2D27,54,25pi/27,2,1.0,True
2D27,54,26pi/27,2,1.0,True
2D27,54,1pi/2,54,-1.0,False
2D28,56,0,1,57.0,False
2D28,56,pi,1,57.0,False
2D28,56,1pi/28,2,1.0,True
2D28,56,2pi/28,2,1.0,True
2D28,56,3pi/28,2,1.0,True
2D28,56,4pi/28,2,1.0,True
2D28,56,5pi/28,2,1.0,True
2D28,56,6pi/28,2,1.0,True
2D28,56,7pi/28,2,1.0,True
2D28,56,8pi/28,2,1.0,True
2D28,56,9pi/28,2,1.0,True
2D28,56,10pi/28,2,1.0,True
2D28,56,11pi/28,2,1.0,True
2D28,56,12pi/28,2,1.0,True
2D28,56,13pi/28,2,1.0,True
2D28,56,14pi/28,2,1.0,True
2D28,56,15pi/28,2,1.0,True
2D28,56,16pi/28,2,1.0,True
2D28,56,17pi/28,2,1.0,True
2D28,56,18pi/28,2,1.0,True
2D28,56,19pi/28,2,1.0,True
2D28,56,20pi/28,2,1.0,True
2D28,56,21pi/28,2,1.0,True
2D28,56,22pi/28,2,1.0,True
2D28,56,23pi/28,2,1.0,True
2D28,56,24pi/28,2,1.0,True
2D28,56,25pi/28,2,1.0,True
2D28,56,26pi/28,2,1.0,True
2D28,56,27pi/28,2,1.0,True
2D28,56,1pi/2,56,1.0,True
2D29,58,0,1,59.0,False
2D29,58,pi,1,59.0,False
2D29,58,1pi/29,2,1.0,True
2D29,58,2pi/29,2,1.0,True
2D29,58,3pi/29,2,1.0,True
2D29,58,4pi/29,2,1.0,True
2D29,58,5pi/29,2,1.0,True
2D29,58,6pi/29,2,1.0,True
2D29,58,7pi/29,2,1.0,True
2D29,58,8pi/29,2,1.0,True
2D29,58,9pi/29,2,1.0,True
2D29,58,10pi/29,2,1.0,True
2D29,58,11pi/29,2,1.0,True
2D29,58,12pi/29,2,1.0,True
2D29,58,13pi/29,2,1.0,True
2D29,58,14pi/29,2,1.0,True
2D29,58,15pi/29,2,1.0,True
2D29,58,16pi/29,2,1.0,True
2D29,58,17pi/29,2,1.0,True
2D29,58,18pi/29,2,1.0,True
2D29,58,19pi/29,2,1.0,True
2D29,58,20pi/29,2,1.0,True
2D29,58,21pi/29,2,1.0,True
2D29,58,22pi/29,2,1.0,True
2D29,58,23pi/29,2,1.0,True
2D29,58,24pi/29,2,1.0,True
2D29,58,25pi/29,2,1.0,True
2D29,58,26pi/29,2,1.0,True
2D29,58,27pi/29,2,1.0,True
2D29,58,28pi/29,2,1.0,True
2D29,58,1pi/2,58,-1.0,False
2D30,60,0,1,61.0,False
2D30,60,pi,1,61.0,False
2D30,60,1pi/30,2,1.0,True
2D30,60,2pi/30,2,1.0,True
2D30,60,3pi/30,2,1.0,True
2D30,60,4pi/30,2,1.0,True
2D30,60,5pi/30,2,1.0,True
2D30,60,6pi/30,2,1.0,True
2D30,60,7pi/30,2,1.0,True
2D30,60,8pi/30,2,1.0,True
2D30,60,9pi/30,2,1.0,True
2D30,60,10pi/30,2,1.0,True
2D30,60,11pi/30,2,1.0,True
2D30,60,12pi/30,2,1.0,True
2D30,60,13pi/30,2,1.0,True
2D30,60,14pi/30,2,1.0,True
2D30,60,15pi/30,2,1.0,True
2D30,60,16pi/30,2,1.0,True
2D30,60,17pi/30,2,1.0,True
2D30,60,18pi/30,2,1.0,True
2D30,60,19pi/30,2,1.0,True
2D30,60,20pi/30,2,1.0,True
2D30,60,21pi/30,2,1.0,True
2D30,60,22pi/30,2,1.0,True
2D30,60,23pi/30,2,1.0,True
2D30,60,24pi/30,2,1.0,True
2D30,60,25pi/30,2,1.0,True
2D30,60,26pi/30,2,1.0,True
2D30,60,27pi/30,2,1.0,True
2D30,60,28pi/30,2,1.0,True
2D30,60,29pi/30,2,1.0,True
2D30,60,1pi/2,60,1.0,True
2T,6,0,1,7.0,False
2T,6,pi,1,7.0,False
2T,6,1pi/2,6,-1.0,False
2T,6,1pi/3,8,1.0,True
2T,6,2pi/3,8,1.0,True
2O,8,0,1,9.0,False
2O,8,pi,1,9.0,False
2O,8,1pi/4,6,1.0,True
2O,8,3pi/4,6,1.0,True
2O,8,1pi/3,8,3.9559822e-61,False
2O,8,2pi/3,8,-7.9119644e-61,False
2O,8,1pi/2,18,1.0,True
2I,10,0,1,11.0,False
2I,10,pi,1,11.0,False
2I,10,1pi/5,12,1.0,True
2I,10,2pi/5,12,1.0,True
2I,10,3pi/5,12,1.0,True
2I,10,4pi/5,12,1.0,True
2I,10,1pi/3,20,-1.0,False
2I,10,2pi/3,20,-1.0,False
2I,10,1pi/2,30,-1.0,False
